날짜,노선,최대지연시간
2022-01-03,2호선 (내선),5분
2022-01-03,2호선 (외선),10분
2022-01-03,3호선 (상행선),5분
2022-01-03,3호선 (하행선),10분
2022-01-03,4호선 (상행선),5분
2022-01-03,4호선 (하행선),10분
2022-01-04,1호선 (상행선),10분
2022-01-04,7호선 (부천구청행),10분
2022-01-04,7호선 (부천구청행),10분
2022-01-04,7호선 (온수행),10분
2022-01-04,7호선 (온수행),10분
2022-01-05,2호선 (외선),10분
2022-01-05,3호선 (상행선),5분
2022-01-05,3호선 (하행선),5분
2022-01-05,4호선 (상행선),5분
2022-01-05,4호선 (하행선),5분
2022-01-06,2호선 (내선),10분
2022-01-06,2호선 (외선),10분
2022-01-06,2호선 (외선),5분
2022-01-06,3호선 (상행선),5분
2022-01-06,3호선 (하행선),10분
2022-01-06,4호선 (상행선),10분
2022-01-06,4호선 (하행선),10분
2022-01-06,6호선 (봉화산행),10분
2022-01-06,6호선 (봉화산행),10분
2022-01-06,6호선 (응암순환행),10분
2022-01-06,6호선 (응암순환행),10분
2022-01-07,2호선 (외선),10분
2022-01-09,4호선 (상행선),5분
2022-01-10,2호선 (외선),5분
2022-01-10,3호선 (상행선),5분
2022-01-10,3호선 (하행선),5분
2022-01-10,4호선 (상행선),5분
2022-01-10,4호선 (하행선),5분
2022-01-10,7호선 (부천구청행),10분
2022-01-10,7호선 (부천구청행),10분
2022-01-10,7호선 (온수행),10분
2022-01-10,7호선 (온수행),10분
2022-01-10,7호선 (장암행),10분
2022-01-10,7호선 (장암행),10분
2022-01-11,2호선 (외선),10분
2022-01-11,3호선 (상행선),5분
2022-01-11,3호선 (하행선),5분
2022-01-11,4호선 (상행선),10분
2022-01-11,4호선 (하행선),10분
2022-01-12,1호선 (상행선),5분
2022-01-12,1호선 (하행선),5분
2022-01-12,2호선 (외선),10분
2022-01-12,3호선 (상행선),5분
2022-01-12,3호선 (하행선),5분
2022-01-12,4호선 (상행선),5분
2022-01-12,4호선 (하행선),10분
2022-01-12,5호선 (마천행),10분
2022-01-12,5호선 (마천행),10분
2022-01-12,5호선 (상일동행),10분
2022-01-12,5호선 (상일동행),10분
2022-01-13,1호선 (상행선),10분
2022-01-13,1호선 (하행선),5분
2022-01-13,2호선 (내선),10분
2022-01-13,2호선 (외선),10분
2022-01-13,3호선 (상행선),5분
2022-01-13,3호선 (하행선),10분
2022-01-13,4호선 (상행선),5분
2022-01-13,4호선 (하행선),10분
2022-01-13,6호선 (봉화산행),10분
2022-01-13,6호선 (응암순환행),10분
2022-01-13,7호선 (장암행),10분
2022-01-14,1호선 (하행선),10분
2022-01-14,2호선 (외선),5분
2022-01-14,3호선 (상행선),5분
2022-01-14,3호선 (하행선),5분
2022-01-14,4호선 (상행선),10분
2022-01-14,4호선 (하행선),10분
2022-01-14,5호선 (마천행),10분
2022-01-14,5호선 (상일동행),10분
2022-01-17,3호선 (상행선),5분
2022-01-17,3호선 (하행선),5분
2022-01-17,4호선 (상행선),5분
2022-01-17,4호선 (하행선),10분
2022-01-18,1호선 (상행선),10분
2022-01-18,1호선 (하행선),10분
2022-01-18,2호선 (외선),5분
2022-01-18,3호선 (상행선),5분
2022-01-18,3호선 (하행선),5분
2022-01-18,4호선 (상행선),10분
2022-01-18,4호선 (하행선),10분
2022-01-19,2호선 (외선),10분
2022-01-19,3호선 (상행선),5분
2022-01-19,3호선 (하행선),10분
2022-01-19,4호선 (상행선),5분
2022-01-19,4호선 (하행선),10분
2022-01-19,5호선 (마천행),5분
2022-01-19,5호선 (상일동행),5분
2022-01-20,2호선 (내선),10분
2022-01-20,2호선 (외선),10분
2022-01-20,3호선 (상행선),5분
2022-01-20,3호선 (하행선),5분
2022-01-20,4호선 (상행선),5분
2022-01-20,4호선 (하행선),10분
2022-01-21,3호선 (상행선),5분
2022-01-21,3호선 (하행선),5분
2022-01-21,4호선 (상행선),30분
2022-01-21,4호선 (상행선),30분
2022-01-21,4호선 (하행선),30분
2022-01-21,4호선 (하행선),30분
2022-01-24,1호선 (상행선),10분
2022-01-24,1호선 (하행선),10분
2022-01-24,2호선 (외선),15분
2022-01-24,3호선 (상행선),10분
2022-01-24,3호선 (하행선),5분
2022-01-24,4호선 (상행선),10분
2022-01-24,4호선 (하행선),10분
2022-01-25,3호선 (상행선),30분
2022-01-25,3호선 (상행선),5분
2022-01-25,3호선 (하행선),30분
2022-01-25,3호선 (하행선),5분
2022-01-25,4호선 (상행선),5분
2022-01-25,4호선 (하행선),10분
2022-01-25,7호선 (장암행),10분
2022-01-26,1호선 (상행선),5분
2022-01-26,1호선 (하행선),5분
2022-01-26,2호선 (외선),10분
2022-01-26,3호선 (상행선),5분
2022-01-26,3호선 (하행선),5분
2022-01-26,4호선 (상행선),5분
2022-01-26,4호선 (하행선),5분
2022-01-27,2호선 (외선),5분
2022-01-28,3호선 (상행선),5분
2022-01-28,3호선 (하행선),5분
2022-01-28,4호선 (상행선),25분
2022-01-28,4호선 (하행선),30분
2022-01-28,7호선 (부천구청행),5분
2022-01-28,7호선 (부천구청행),5분
2022-01-28,7호선 (온수행),5분
2022-01-28,7호선 (온수행),5분
2022-01-28,7호선 (장암행),5분
2022-01-28,7호선 (장암행),5분
2022-02-01,8호선 (암사행),5분
2022-02-03,2호선 (내선),30분
2022-02-03,2호선 (외선),20분
2022-02-03,3호선 (상행선),5분
2022-02-03,3호선 (하행선),10분
2022-02-03,4호선 (상행선),10분
2022-02-03,4호선 (하행선),10분
2022-02-04,2호선 (외선),10분
2022-02-04,3호선 (상행선),5분
2022-02-04,3호선 (하행선),10분
2022-02-04,4호선 (상행선),15분
2022-02-04,4호선 (하행선),15분
2022-02-04,8호선 (암사행),10분
2022-02-07,1호선 (하행선),5분
2022-02-07,2호선 (내선),5분
2022-02-07,2호선 (외선),10분
2022-02-07,3호선 (상행선),10분
2022-02-07,3호선 (하행선),25분
2022-02-07,4호선 (상행선),25분
2022-02-07,4호선 (하행선),20분
2022-02-07,7호선 (부천구청행),10분
2022-02-07,7호선 (부천구청행),10분
2022-02-07,7호선 (온수행),10분
2022-02-07,7호선 (온수행),10분
2022-02-07,7호선 (장암행),10분
2022-02-07,7호선 (장암행),10분
2022-02-08,2호선 (외선),5분
2022-02-08,3호선 (상행선),30분
2022-02-08,3호선 (상행선),30분
2022-02-08,3호선 (하행선),30분
2022-02-08,3호선 (하행선),30분
2022-02-08,4호선 (상행선),10분
2022-02-08,4호선 (하행선),10분
2022-02-09,3호선 (상행선),5분
2022-02-09,3호선 (하행선),5분
2022-02-09,4호선 (상행선),15분
2022-02-09,4호선 (하행선),10분
2022-02-09,5호선 (마천행),15분
2022-02-09,5호선 (마천행),20분
2022-02-09,5호선 (방화행),15분
2022-02-09,5호선 (방화행),20분
2022-02-09,5호선 (상일동행),15분
2022-02-09,5호선 (상일동행),20분
2022-02-10,2호선 (외선),5분
2022-02-10,3호선 (상행선),5분
2022-02-10,3호선 (하행선),10분
2022-02-10,4호선 (상행선),10분
2022-02-10,4호선 (하행선),10분
2022-02-10,5호선 (마천행),5분
2022-02-10,5호선 (방화행),10분
2022-02-10,5호선 (상일동행),5분
2022-02-11,1호선 (상행선),10분
2022-02-11,1호선 (하행선),5분
2022-02-11,2호선 (외선),10분
2022-02-11,3호선 (상행선),30분
2022-02-11,3호선 (상행선),5분
2022-02-11,3호선 (하행선),30분
2022-02-11,3호선 (하행선),5분
2022-02-11,4호선 (상행선),30분
2022-02-11,4호선 (하행선),30분
2022-02-14,3호선 (상행선),5분
2022-02-14,3호선 (하행선),5분
2022-02-14,4호선 (상행선),10분
2022-02-14,4호선 (하행선),10분
2022-02-14,5호선 (마천행),15분
2022-02-14,5호선 (방화행),20분
2022-02-14,5호선 (상일동행),15분
2022-02-14,7호선 (장암행),10분
2022-02-15,1호선 (상행선),5분
2022-02-15,1호선 (하행선),5분
2022-02-15,2호선 (외선),5분
2022-02-15,3호선 (상행선),5분
2022-02-15,3호선 (하행선),5분
2022-02-15,4호선 (상행선),10분
2022-02-15,4호선 (하행선),10분
2022-02-15,5호선 (마천행),10분
2022-02-15,5호선 (마천행),20분
2022-02-15,5호선 (방화행),10분
2022-02-15,5호선 (방화행),20분
2022-02-15,5호선 (상일동행),25분
2022-02-15,5호선 (상일동행),20분
2022-02-16,2호선 (외선),15분
2022-02-16,5호선 (방화행),15분
2022-02-18,3호선 (상행선),10분
2022-02-18,3호선 (하행선),5분
2022-02-18,4호선 (상행선),10분
2022-02-18,4호선 (하행선),10분
2022-02-21,2호선 (외선),10분
2022-02-21,3호선 (상행선),20분
2022-02-21,3호선 (하행선),20분
2022-02-21,4호선 (상행선),15분
2022-02-21,4호선 (하행선),15분
2022-02-22,3호선 (상행선),5분
2022-02-22,3호선 (하행선),5분
2022-02-22,4호선 (상행선),10분
2022-02-22,4호선 (하행선),15분
2022-02-22,5호선 (마천행),15분
2022-02-22,5호선 (방화행),15분
2022-02-22,5호선 (상일동행),15분
2022-02-23,1호선 (상행선),5분
2022-02-23,1호선 (하행선),5분
2022-02-23,2호선 (외선),20분
2022-02-23,3호선 (상행선),5분
2022-02-23,3호선 (하행선),15분
2022-02-23,4호선 (상행선),5분
2022-02-23,4호선 (하행선),10분
2022-02-23,6호선 (봉화산행),5분
2022-02-23,6호선 (봉화산행),5분
2022-02-23,6호선 (응암순환행),5분
2022-02-23,6호선 (응암순환행),5분
2022-02-23,7호선 (부천구청행),5분
2022-02-23,7호선 (부천구청행),5분
2022-02-23,7호선 (온수행),5분
2022-02-23,7호선 (온수행),5분
2022-02-23,7호선 (장암행),5분
2022-02-23,7호선 (장암행),5분
2022-02-24,2호선 (외선),10분
2022-02-26,4호선 (상행선),5분
2022-02-26,4호선 (하행선),5분
2022-02-28,2호선 (외선),5분
2022-03-03,3호선 (상행선),5분
2022-03-03,3호선 (하행선),10분
2022-03-03,4호선 (상행선),10분
2022-03-03,4호선 (하행선),10분
2022-03-04,2호선 (외선),5분
2022-03-04,7호선 (부천구청행),5분
2022-03-04,7호선 (부천구청행),5분
2022-03-04,7호선 (온수행),5분
2022-03-04,7호선 (온수행),5분
2022-03-04,7호선 (장암행),5분
2022-03-04,7호선 (장암행),5분
2022-03-07,1호선 (상행선),10분
2022-03-07,1호선 (하행선),5분
2022-03-10,3호선 (상행선),5분
2022-03-10,3호선 (하행선),5분
2022-03-10,4호선 (상행선),5분
2022-03-10,4호선 (하행선),5분
2022-03-11,1호선 (상행선),5분
2022-03-11,1호선 (하행선),5분
2022-03-11,2호선 (외선),5분
2022-03-11,3호선 (상행선),5분
2022-03-11,3호선 (하행선),5분
2022-03-11,4호선 (상행선),10분
2022-03-11,4호선 (하행선),5분
2022-03-11,5호선 (마천행),10분
2022-03-11,5호선 (상일동행),10분
2022-03-12,7호선 (부천구청행),10분
2022-03-14,2호선 (외선),5분
2022-03-14,3호선 (상행선),5분
2022-03-14,3호선 (하행선),5분
2022-03-14,4호선 (상행선),10분
2022-03-14,4호선 (하행선),15분
2022-03-15,1호선 (상행선),5분
2022-03-15,2호선 (외선),5분
2022-03-15,7호선 (부천구청행),10분
2022-03-15,7호선 (부천구청행),10분
2022-03-15,7호선 (온수행),10분
2022-03-15,7호선 (온수행),10분
2022-03-15,7호선 (장암행),10분
2022-03-15,7호선 (장암행),10분
2022-03-16,2호선 (외선),5분
2022-03-16,8호선 (모란행),20분
2022-03-16,8호선 (암사행),20분
2022-03-18,2호선 (외선),5분
2022-03-18,3호선 (상행선),5분
2022-03-18,3호선 (하행선),10분
2022-03-18,4호선 (상행선),5분
2022-03-18,4호선 (하행선),5분
2022-03-18,5호선 (마천행),10분
2022-03-18,5호선 (마천행),15분
2022-03-18,5호선 (방화행),30분
2022-03-18,5호선 (상일동행),20분
2022-03-18,5호선 (상일동행),15분
2022-03-21,2호선 (외선),10분
2022-03-21,3호선 (상행선),5분
2022-03-21,3호선 (하행선),5분
2022-03-21,4호선 (상행선),5분
2022-03-21,4호선 (하행선),10분
2022-03-22,3호선 (상행선),10분
2022-03-22,3호선 (하행선),10분
2022-03-22,4호선 (상행선),5분
2022-03-22,4호선 (하행선),5분
2022-03-23,1호선 (하행선),5분
2022-03-23,2호선 (외선),5분
2022-03-23,3호선 (상행선),5분
2022-03-23,3호선 (하행선),5분
2022-03-23,4호선 (상행선),5분
2022-03-23,4호선 (하행선),10분
2022-03-24,2호선 (내선),30분
2022-03-24,2호선 (내선),10분
2022-03-24,2호선 (외선),30분
2022-03-24,2호선 (외선),5분
2022-03-24,3호선 (상행선),30분
2022-03-24,3호선 (상행선),5분
2022-03-24,3호선 (하행선),30분
2022-03-24,3호선 (하행선),30분
2022-03-24,4호선 (상행선),30분
2022-03-24,4호선 (상행선),30분
2022-03-24,4호선 (상행선),5분
2022-03-24,4호선 (하행선),30분
2022-03-24,4호선 (하행선),30분
2022-03-24,4호선 (하행선),15분
2022-03-24,6호선 (봉화산행),10분
2022-03-24,6호선 (응암순환행),10분
2022-03-24,7호선 (부천구청행),10분
2022-03-25,1호선 (상행선),5분
2022-03-25,2호선 (외선),5분
2022-03-25,3호선 (상행선),30분
2022-03-25,3호선 (하행선),30분
2022-03-25,4호선 (상행선),30분
2022-03-25,4호선 (상행선),30분
2022-03-25,4호선 (하행선),30분
2022-03-25,4호선 (하행선),30분
2022-03-26,1호선 (상행선),10분
2022-03-26,1호선 (하행선),10분
2022-03-28,2호선 (외선),15분
2022-03-28,2호선 (외선),5분
2022-03-28,3호선 (상행선),5분
2022-03-28,3호선 (하행선),15분
2022-03-28,4호선 (상행선),10분
2022-03-28,4호선 (하행선),10분
2022-03-28,5호선 (방화행),10분
2022-03-28,7호선 (부천구청행),5분
2022-03-28,7호선 (온수행),5분
2022-03-28,7호선 (장암행),5분
2022-03-29,1호선 (상행선),10분
2022-03-29,1호선 (하행선),15분
2022-03-29,4호선 (하행선),5분
2022-03-30,2호선 (외선),5분
2022-03-30,3호선 (상행선),5분
2022-03-30,3호선 (하행선),5분
2022-03-30,4호선 (상행선),5분
2022-03-30,4호선 (하행선),5분
2022-03-31,3호선 (상행선),10분
2022-03-31,3호선 (하행선),10분
2022-03-31,4호선 (상행선),10분
2022-03-31,4호선 (하행선),10분
2022-04-01,2호선 (외선),5분
2022-04-04,1호선 (상행선),5분
2022-04-04,1호선 (하행선),5분
2022-04-04,2호선 (외선),5분
2022-04-04,3호선 (상행선),5분
2022-04-04,3호선 (하행선),5분
2022-04-04,4호선 (상행선),10분
2022-04-04,4호선 (하행선),5분
2022-04-04,5호선 (방화행),5분
2022-04-05,2호선 (외선),5분
2022-04-06,3호선 (상행선),5분
2022-04-06,3호선 (하행선),5분
2022-04-06,4호선 (상행선),10분
2022-04-06,4호선 (하행선),10분
2022-04-06,7호선 (부천구청행),5분
2022-04-06,7호선 (온수행),5분
2022-04-06,7호선 (장암행),5분
2022-04-07,1호선 (상행선),5분
2022-04-07,3호선 (상행선),5분
2022-04-07,3호선 (하행선),5분
2022-04-07,4호선 (상행선),5분
2022-04-07,4호선 (하행선),5분
2022-04-08,1호선 (상행선),5분
2022-04-08,2호선 (외선),5분
2022-04-08,3호선 (상행선),5분
2022-04-08,3호선 (하행선),5분
2022-04-08,4호선 (상행선),10분
2022-04-08,4호선 (하행선),10분
2022-04-10,4호선 (하행선),10분
2022-04-11,3호선 (상행선),5분
2022-04-11,3호선 (하행선),5분
2022-04-11,4호선 (상행선),5분
2022-04-11,4호선 (하행선),10분
2022-04-12,1호선 (상행선),10분
2022-04-12,1호선 (하행선),5분
2022-04-12,2호선 (외선),5분
2022-04-12,3호선 (상행선),5분
2022-04-12,3호선 (하행선),10분
2022-04-12,4호선 (상행선),10분
2022-04-12,4호선 (하행선),10분
2022-04-12,8호선 (모란행),5분
2022-04-12,8호선 (암사행),5분
2022-04-13,3호선 (상행선),5분
2022-04-13,3호선 (하행선),5분
2022-04-13,4호선 (상행선),10분
2022-04-13,4호선 (하행선),10분
2022-04-13,5호선 (방화행),10분
2022-04-14,7호선 (부천구청행),5분
2022-04-14,7호선 (온수행),5분
2022-04-14,7호선 (장암행),5분
2022-04-15,1호선 (상행선),15분
2022-04-15,1호선 (하행선),10분
2022-04-15,3호선 (상행선),5분
2022-04-15,3호선 (하행선),5분
2022-04-15,4호선 (상행선),5분
2022-04-15,4호선 (하행선),5분
2022-04-16,6호선 (봉화산행),5분
2022-04-16,6호선 (응암순환행),5분
2022-04-18,2호선 (외선),10분
2022-04-19,3호선 (상행선),5분
2022-04-19,3호선 (하행선),15분
2022-04-19,4호선 (상행선),10분
2022-04-19,4호선 (하행선),10분
2022-04-20,1호선 (상행선),5분
2022-04-20,1호선 (하행선),5분
2022-04-20,2호선 (외선),5분
2022-04-20,3호선 (상행선),5분
2022-04-20,3호선 (하행선),10분
2022-04-20,4호선 (상행선),10분
2022-04-20,4호선 (하행선),10분
2022-04-21,2호선 (내선),30분
2022-04-21,2호선 (내선),15분
2022-04-21,2호선 (외선),30분
2022-04-21,2호선 (외선),30분
2022-04-21,3호선 (상행선),30분
2022-04-21,3호선 (하행선),30분
2022-04-21,4호선 (상행선),30분
2022-04-21,4호선 (상행선),30분
2022-04-21,4호선 (하행선),30분
2022-04-21,4호선 (하행선),30분
2022-04-21,5호선 (방화행),10분
2022-04-21,7호선 (부천구청행),5분
2022-04-21,7호선 (온수행),5분
2022-04-21,7호선 (장암행),5분
2022-04-22,2호선 (내선),15분
2022-04-22,2호선 (외선),10분
2022-04-22,3호선 (상행선),20분
2022-04-22,3호선 (상행선),5분
2022-04-22,3호선 (하행선),20분
2022-04-22,3호선 (하행선),5분
2022-04-22,4호선 (상행선),10분
2022-04-22,4호선 (하행선),10분
2022-04-25,7호선 (부천구청행),10분
2022-04-25,7호선 (온수행),10분
2022-04-25,7호선 (장암행),10분
2022-04-26,3호선 (상행선),10분
2022-04-26,3호선 (하행선),10분
2022-04-26,4호선 (상행선),10분
2022-04-27,3호선 (상행선),5분
2022-04-27,3호선 (하행선),5분
2022-04-27,4호선 (상행선),5분
2022-04-27,4호선 (하행선),5분
2022-04-28,1호선 (상행선),5분
2022-04-28,1호선 (하행선),5분
2022-04-28,2호선 (외선),5분
2022-04-28,3호선 (상행선),5분
2022-04-28,3호선 (하행선),5분
2022-04-28,4호선 (상행선),10분
2022-04-28,4호선 (하행선),10분
2022-04-29,1호선 (상행선),10분
2022-04-29,1호선 (하행선),10분
2022-04-29,2호선 (내선),10분
2022-04-29,2호선 (외선),10분
2022-04-29,3호선 (상행선),10분
2022-04-29,3호선 (하행선),10분
2022-04-29,4호선 (상행선),15분
2022-04-29,4호선 (하행선),15분
2022-04-29,7호선 (부천구청행),5분
2022-04-29,7호선 (온수행),5분
2022-04-29,7호선 (온수행),10분
2022-04-29,7호선 (장암행),5분
2022-05-02,1호선 (하행선),5분
2022-05-02,2호선 (외선),5분
2022-05-02,3호선 (상행선),10분
2022-05-02,3호선 (하행선),10분
2022-05-02,4호선 (상행선),10분
2022-05-02,4호선 (하행선),10분
2022-05-03,3호선 (상행선),10분
2022-05-03,3호선 (상행선),15분
2022-05-03,3호선 (하행선),10분
2022-05-03,3호선 (하행선),15분
2022-05-03,4호선 (상행선),30분
2022-05-03,4호선 (하행선),30분
2022-05-03,5호선 (마천행),10분
2022-05-03,5호선 (상일동행),10분
2022-05-03,5호선 (상일동행),5분
2022-05-04,2호선 (외선),10분
2022-05-04,3호선 (상행선),10분
2022-05-04,3호선 (하행선),15분
2022-05-04,4호선 (상행선),10분
2022-05-04,4호선 (하행선),10분
2022-05-06,3호선 (상행선),5분
2022-05-06,3호선 (하행선),5분
2022-05-06,4호선 (상행선),5분
2022-05-06,4호선 (하행선),5분
2022-05-06,7호선 (부천구청행),10분
2022-05-06,7호선 (장암행),10분
2022-05-09,3호선 (상행선),5분
2022-05-09,3호선 (하행선),5분
2022-05-09,4호선 (상행선),10분
2022-05-09,4호선 (하행선),5분
2022-05-10,3호선 (상행선),5분
2022-05-10,3호선 (하행선),5분
2022-05-10,4호선 (상행선),20분
2022-05-10,4호선 (상행선),20분
2022-05-10,4호선 (하행선),10분
2022-05-10,5호선 (방화행),10분
2022-05-10,7호선 (부천구청행),5분
2022-05-10,7호선 (온수행),5분
2022-05-10,7호선 (장암행),5분
2022-05-12,2호선 (외선),10분
2022-05-12,3호선 (상행선),5분
2022-05-12,3호선 (하행선),5분
2022-05-12,4호선 (상행선),5분
2022-05-12,4호선 (하행선),10분
2022-05-13,2호선 (내선),30분
2022-05-13,2호선 (외선),30분
2022-05-13,3호선 (상행선),5분
2022-05-13,3호선 (하행선),10분
2022-05-13,4호선 (상행선),10분
2022-05-13,4호선 (하행선),10분
2022-05-16,2호선 (외선),10분
2022-05-16,3호선 (상행선),5분
2022-05-16,3호선 (하행선),5분
2022-05-16,4호선 (상행선),30분
2022-05-16,4호선 (상행선),5분
2022-05-16,4호선 (하행선),30분
2022-05-16,4호선 (하행선),10분
2022-05-17,2호선 (외선),5분
2022-05-17,3호선 (상행선),5분
2022-05-17,3호선 (하행선),5분
2022-05-17,4호선 (상행선),10분
2022-05-17,4호선 (하행선),10분
2022-05-17,5호선 (마천행),10분
2022-05-17,5호선 (방화행),20분
2022-05-17,5호선 (상일동행),10분
2022-05-18,1호선 (하행선),5분
2022-05-18,2호선 (외선),10분
2022-05-18,7호선 (부천구청행),5분
2022-05-18,7호선 (온수행),5분
2022-05-18,7호선 (장암행),5분
2022-05-19,3호선 (상행선),10분
2022-05-19,3호선 (하행선),10분
2022-05-19,4호선 (상행선),10분
2022-05-19,4호선 (하행선),10분
2022-05-20,2호선 (외선),10분
2022-05-20,3호선 (상행선),5분
2022-05-20,3호선 (하행선),5분
2022-05-20,4호선 (상행선),5분
2022-05-20,4호선 (하행선),10분
2022-05-20,5호선 (방화행),15분
2022-05-23,2호선 (외선),10분
2022-05-23,3호선 (상행선),5분
2022-05-23,3호선 (하행선),5분
2022-05-23,4호선 (상행선),10분
2022-05-23,4호선 (하행선),10분
2022-05-23,7호선 (부천구청행),10분
2022-05-23,7호선 (온수행),10분
2022-05-23,7호선 (장암행),10분
2022-05-24,2호선 (내선),5분
2022-05-24,2호선 (외선),5분
2022-05-24,3호선 (상행선),5분
2022-05-24,3호선 (하행선),5분
2022-05-24,4호선 (상행선),10분
2022-05-24,4호선 (하행선),10분
2022-05-25,1호선 (상행선),10분
2022-05-25,3호선 (상행선),5분
2022-05-25,3호선 (하행선),5분
2022-05-25,3호선 (하행선),5분
2022-05-25,4호선 (상행선),5분
2022-05-25,4호선 (하행선),5분
2022-05-25,5호선 (상일동행),10분
2022-05-26,1호선 (상행선),5분
2022-05-26,1호선 (하행선),5분
2022-05-26,3호선 (상행선),5분
2022-05-26,3호선 (하행선),10분
2022-05-26,4호선 (상행선),10분
2022-05-26,4호선 (하행선),10분
2022-05-26,5호선 (마천행),10분
2022-05-26,5호선 (방화행),5분
2022-05-26,5호선 (상일동행),10분
2022-05-27,4호선 (상행선),20분
2022-05-27,4호선 (하행선),20분
2022-05-30,1호선 (상행선),15분
2022-05-30,1호선 (하행선),5분
2022-05-30,2호선 (내선),5분
2022-05-30,2호선 (외선),5분
2022-05-30,3호선 (상행선),5분
2022-05-30,3호선 (하행선),10분
2022-05-30,4호선 (상행선),10분
2022-05-30,4호선 (하행선),10분
2022-05-30,5호선 (방화행),5분
2022-05-30,7호선 (부천구청행),5분
2022-05-30,7호선 (온수행),5분
2022-05-30,7호선 (장암행),5분
2022-05-31,3호선 (상행선),5분
2022-05-31,3호선 (하행선),5분
2022-05-31,4호선 (상행선),15분
2022-05-31,4호선 (하행선),15분
2022-05-31,7호선 (부천구청행),5분
2022-05-31,7호선 (온수행),5분
2022-05-31,7호선 (장암행),5분
2022-06-02,3호선 (상행선),5분
2022-06-02,3호선 (하행선),5분
2022-06-02,4호선 (상행선),10분
2022-06-02,4호선 (하행선),5분
2022-06-03,1호선 (상행선),5분
2022-06-03,2호선 (외선),10분
2022-06-03,3호선 (상행선),5분
2022-06-03,3호선 (하행선),5분
2022-06-03,4호선 (상행선),5분
2022-06-03,4호선 (하행선),10분
2022-06-03,7호선 (부천구청행),5분
2022-06-03,7호선 (온수행),5분
2022-06-03,7호선 (장암행),5분
2022-06-07,2호선 (외선),5분
2022-06-07,3호선 (상행선),5분
2022-06-07,3호선 (하행선),5분
2022-06-07,4호선 (상행선),20분
2022-06-07,4호선 (하행선),5분
2022-06-07,5호선 (마천행),5분
2022-06-07,5호선 (상일동행),5분
2022-06-07,7호선 (부천구청행),5분
2022-06-07,7호선 (온수행),5분
2022-06-07,7호선 (장암행),5분
2022-06-08,2호선 (외선),10분
2022-06-08,4호선 (상행선),25분
2022-06-08,4호선 (상행선),25분
2022-06-08,4호선 (하행선),20분
2022-06-08,4호선 (하행선),25분
2022-06-08,7호선 (부천구청행),5분
2022-06-08,7호선 (온수행),5분
2022-06-08,7호선 (장암행),5분
2022-06-09,3호선 (상행선),5분
2022-06-09,3호선 (하행선),5분
2022-06-09,4호선 (상행선),10분
2022-06-09,4호선 (하행선),15분
2022-06-10,3호선 (상행선),5분
2022-06-10,3호선 (하행선),5분
2022-06-10,4호선 (상행선),5분
2022-06-10,4호선 (하행선),5분
2022-06-10,5호선 (마천행),10분
2022-06-10,5호선 (마천행),5분
2022-06-10,5호선 (방화행),10분
2022-06-10,5호선 (방화행),10분
2022-06-10,5호선 (상일동행),10분
2022-06-10,5호선 (상일동행),5분
2022-06-13,1호선 (상행선),30분
2022-06-13,1호선 (하행선),30분
2022-06-13,2호선 (외선),5분
2022-06-13,3호선 (상행선),5분
2022-06-13,3호선 (하행선),5분
2022-06-13,4호선 (상행선),30분
2022-06-13,4호선 (상행선),30분
2022-06-13,4호선 (하행선),30분
2022-06-13,4호선 (하행선),30분
2022-06-14,2호선 (외선),10분
2022-06-14,3호선 (상행선),5분
2022-06-14,3호선 (하행선),5분
2022-06-14,4호선 (상행선),5분
2022-06-14,4호선 (하행선),10분
2022-06-15,1호선 (상행선),5분
2022-06-15,2호선 (외선),10분
2022-06-15,2호선 (외선),10분
2022-06-15,3호선 (상행선),30분
2022-06-15,3호선 (하행선),30분
2022-06-15,7호선 (부천구청행),10분
2022-06-15,7호선 (온수행),10분
2022-06-15,7호선 (장암행),10분
2022-06-16,1호선 (상행선),20분
2022-06-16,1호선 (하행선),5분
2022-06-16,2호선 (외선),5분
2022-06-16,3호선 (상행선),10분
2022-06-16,3호선 (하행선),10분
2022-06-16,4호선 (상행선),20분
2022-06-16,4호선 (하행선),20분
2022-06-17,3호선 (상행선),5분
2022-06-17,3호선 (하행선),5분
2022-06-17,4호선 (상행선),10분
2022-06-17,4호선 (하행선),10분
2022-06-17,7호선 (부천구청행),5분
2022-06-17,7호선 (온수행),5분
2022-06-17,7호선 (장암행),5분
2022-06-18,3호선 (하행선),5분
2022-06-20,2호선 (외선),5분
2022-06-20,4호선 (상행선),20분
2022-06-20,4호선 (상행선),30분
2022-06-20,4호선 (하행선),20분
2022-06-20,4호선 (하행선),30분
2022-06-20,5호선 (마천행),10분
2022-06-20,5호선 (상일동행),5분
2022-06-21,3호선 (상행선),5분
2022-06-21,3호선 (하행선),5분
2022-06-21,4호선 (상행선),5분
2022-06-21,4호선 (하행선),10분
2022-06-22,3호선 (상행선),5분
2022-06-22,3호선 (하행선),5분
2022-06-22,4호선 (상행선),5분
2022-06-22,4호선 (하행선),5분
2022-06-23,1호선 (상행선),10분
2022-06-23,1호선 (하행선),5분
2022-06-23,2호선 (외선),5분
2022-06-23,3호선 (상행선),10분
2022-06-23,3호선 (하행선),15분
2022-06-23,4호선 (상행선),5분
2022-06-23,4호선 (하행선),5분
2022-06-24,3호선 (상행선),10분
2022-06-24,3호선 (하행선),10분
2022-06-24,4호선 (상행선),10분
2022-06-24,4호선 (하행선),10분
2022-06-24,5호선 (마천행),5분
2022-06-24,5호선 (상일동행),5분
2022-06-24,7호선 (부천구청행),5분
2022-06-24,7호선 (온수행),5분
2022-06-24,7호선 (장암행),5분
2022-06-27,1호선 (상행선),5분
2022-06-27,1호선 (하행선),10분
2022-06-27,1호선 (하행선),5분
2022-06-27,2호선 (외선),5분
2022-06-27,3호선 (상행선),5분
2022-06-27,3호선 (상행선),5분
2022-06-27,3호선 (하행선),5분
2022-06-27,4호선 (상행선),20분
2022-06-27,4호선 (하행선),20분
2022-06-27,7호선 (부천구청행),5분
2022-06-27,7호선 (온수행),5분
2022-06-27,7호선 (장암행),5분
2022-06-28,3호선 (상행선),10분
2022-06-28,3호선 (하행선),15분
2022-06-28,4호선 (상행선),10분
2022-06-28,4호선 (하행선),10분
2022-06-28,5호선 (방화행),10분
2022-06-28,7호선 (부천구청행),5분
2022-06-28,7호선 (부천구청행),5분
2022-06-28,7호선 (온수행),5분
2022-06-28,7호선 (온수행),5분
2022-06-28,7호선 (장암행),5분
2022-06-28,7호선 (장암행),5분
2022-06-29,3호선 (상행선),5분
2022-06-29,3호선 (하행선),10분
2022-06-29,4호선 (상행선),10분
2022-06-29,4호선 (하행선),10분
2022-06-29,5호선 (상일동행),10분
2022-06-29,7호선 (부천구청행),10분
2022-06-29,7호선 (온수행),10분
2022-06-29,7호선 (장암행),10분
2022-06-30,2호선 (내선),10분
2022-06-30,2호선 (외선),15분
2022-06-30,3호선 (상행선),5분
2022-06-30,3호선 (하행선),10분
2022-06-30,4호선 (상행선),10분
2022-06-30,4호선 (상행선),30분
2022-06-30,4호선 (상행선),5분
2022-06-30,4호선 (하행선),10분
2022-06-30,4호선 (하행선),30분
2022-06-30,4호선 (하행선),5분
2022-06-30,5호선 (마천행),10분
2022-06-30,5호선 (방화행),10분
2022-06-30,5호선 (상일동행),10분
2022-06-30,7호선 (부천구청행),10분
2022-06-30,7호선 (온수행),10분
2022-06-30,7호선 (장암행),10분
2022-07-01,1호선 (상행선),5분
2022-07-01,1호선 (하행선),5분
2022-07-01,3호선 (상행선),5분
2022-07-01,3호선 (하행선),5분
2022-07-01,4호선 (상행선),30분
2022-07-01,4호선 (상행선),30분
2022-07-01,4호선 (하행선),30분
2022-07-01,4호선 (하행선),30분
2022-07-01,6호선 (봉화산행),5분
2022-07-01,6호선 (응암순환행),5분
2022-07-02,7호선 (장암행),10분
2022-07-04,3호선 (상행선),5분
2022-07-04,3호선 (하행선),5분
2022-07-04,4호선 (상행선),20분
2022-07-04,4호선 (하행선),10분
2022-07-05,1호선 (상행선),5분
2022-07-05,1호선 (하행선),5분
2022-07-05,2호선 (외선),5분
2022-07-05,3호선 (상행선),5분
2022-07-05,3호선 (하행선),5분
2022-07-05,4호선 (상행선),15분
2022-07-05,4호선 (하행선),15분
2022-07-05,5호선 (마천행),5분
2022-07-05,5호선 (상일동행),5분
2022-07-06,4호선 (상행선),10분
2022-07-06,4호선 (하행선),15분
2022-07-06,5호선 (마천행),10분
2022-07-06,5호선 (방화행),5분
2022-07-07,2호선 (외선),5분
2022-07-07,3호선 (상행선),10분
2022-07-07,3호선 (하행선),10분
2022-07-07,4호선 (상행선),10분
2022-07-07,4호선 (하행선),10분
2022-07-07,7호선 (장암행),5분
2022-07-08,3호선 (상행선),10분
2022-07-08,3호선 (하행선),5분
2022-07-08,4호선 (상행선),15분
2022-07-08,4호선 (하행선),15분
2022-07-11,3호선 (상행선),5분
2022-07-11,3호선 (하행선),5분
2022-07-11,4호선 (상행선),10분
2022-07-11,4호선 (상행선),5분
2022-07-11,4호선 (하행선),15분
2022-07-12,3호선 (상행선),10분
2022-07-12,3호선 (하행선),10분
2022-07-12,4호선 (상행선),20분
2022-07-12,4호선 (하행선),10분
2022-07-13,1호선 (상행선),5분
2022-07-13,1호선 (하행선),10분
2022-07-13,2호선 (외선),5분
2022-07-13,3호선 (상행선),5분
2022-07-13,3호선 (하행선),10분
2022-07-13,4호선 (상행선),15분
2022-07-13,4호선 (하행선),10분
2022-07-14,2호선 (내선),5분
2022-07-14,7호선 (부천구청행),5분
2022-07-14,7호선 (온수행),5분
2022-07-14,7호선 (장암행),5분
2022-07-15,7호선 (부천구청행),5분
2022-07-15,7호선 (온수행),5분
2022-07-15,7호선 (장암행),5분
2022-07-18,4호선 (상행선),10분
2022-07-20,3호선 (상행선),10분
2022-07-20,3호선 (하행선),10분
2022-07-20,4호선 (상행선),10분
2022-07-20,4호선 (하행선),10분
2022-07-21,1호선 (상행선),10분
2022-07-21,1호선 (하행선),5분
2022-07-21,2호선 (외선),5분
2022-07-21,3호선 (상행선),5분
2022-07-21,3호선 (하행선),10분
2022-07-21,4호선 (상행선),15분
2022-07-21,4호선 (하행선),5분
2022-07-22,2호선 (외선),10분
2022-07-22,4호선 (상행선),10분
2022-07-22,4호선 (하행선),10분
2022-07-22,5호선 (방화행),10분
2022-07-25,3호선 (상행선),5분
2022-07-25,3호선 (하행선),10분
2022-07-25,4호선 (상행선),10분
2022-07-25,4호선 (하행선),10분
2022-07-25,7호선 (부천구청행),10분
2022-07-25,7호선 (온수행),10분
2022-07-25,7호선 (장암행),10분
2022-07-26,2호선 (외선),10분
2022-07-27,3호선 (상행선),5분
2022-07-27,3호선 (하행선),5분
2022-07-27,4호선 (상행선),5분
2022-07-27,4호선 (하행선),5분
2022-07-27,6호선 (봉화산행),5분
2022-07-27,6호선 (응암순환행),5분
2022-07-27,7호선 (부천구청행),5분
2022-07-27,7호선 (온수행),5분
2022-07-27,7호선 (장암행),5분
2022-07-28,3호선 (상행선),5분
2022-07-28,3호선 (하행선),5분
2022-07-28,4호선 (상행선),5분
2022-07-28,4호선 (하행선),10분
2022-07-29,1호선 (상행선),5분
2022-07-29,1호선 (하행선),5분
2022-07-29,2호선 (외선),10분
2022-07-29,3호선 (상행선),5분
2022-07-29,3호선 (하행선),5분
2022-07-29,4호선 (상행선),5분
2022-07-29,4호선 (하행선),10분
2022-07-29,5호선 (마천행),5분
2022-08-01,1호선 (상행선),5분
2022-08-01,1호선 (하행선),5분
2022-08-01,2호선 (내선),5분
2022-08-01,2호선 (외선),10분
2022-08-01,3호선 (상행선),10분
2022-08-01,3호선 (하행선),5분
2022-08-01,4호선 (상행선),15분
2022-08-01,4호선 (하행선),15분
2022-08-01,5호선 (마천행),30분
2022-08-01,5호선 (마천행),30분
2022-08-01,5호선 (방화행),30분
2022-08-01,5호선 (방화행),30분
2022-08-01,5호선 (상일동행),30분
2022-08-01,5호선 (상일동행),30분
2022-08-02,1호선 (상행선),5분
2022-08-02,1호선 (하행선),10분
2022-08-02,2호선 (외선),5분
2022-08-02,3호선 (상행선),5분
2022-08-02,3호선 (하행선),5분
2022-08-02,4호선 (상행선),10분
2022-08-02,4호선 (하행선),10분
2022-08-03,1호선 (상행선),10분
2022-08-03,1호선 (하행선),10분
2022-08-03,2호선 (내선),5분
2022-08-03,2호선 (외선),10분
2022-08-03,3호선 (상행선),5분
2022-08-03,3호선 (하행선),5분
2022-08-03,4호선 (상행선),10분
2022-08-03,4호선 (하행선),10분
2022-08-03,7호선 (부천구청행),5분
2022-08-03,7호선 (온수행),5분
2022-08-03,7호선 (장암행),5분
2022-08-04,3호선 (상행선),10분
2022-08-04,3호선 (하행선),10분
2022-08-04,4호선 (상행선),10분
2022-08-04,4호선 (하행선),10분
2022-08-04,7호선 (부천구청행),5분
2022-08-04,7호선 (온수행),5분
2022-08-05,3호선 (상행선),5분
2022-08-05,3호선 (하행선),10분
2022-08-05,4호선 (상행선),5분
2022-08-05,4호선 (하행선),5분
2022-08-07,7호선 (부천구청행),5분
2022-08-07,7호선 (온수행),5분
2022-08-07,7호선 (장암행),5분
2022-08-08,5호선 (마천행),5분
2022-08-08,5호선 (상일동행),5분
2022-08-08,7호선 (부천구청행),5분
2022-08-08,7호선 (온수행),5분
2022-08-08,7호선 (장암행),5분
2022-08-09,1호선 (상행선),10분
2022-08-09,1호선 (하행선),10분
2022-08-09,2호선 (외선),10분
2022-08-09,3호선 (상행선),5분
2022-08-09,3호선 (하행선),5분
2022-08-09,4호선 (상행선),10분
2022-08-09,4호선 (하행선),10분
2022-08-09,5호선 (상일동행),5분
2022-08-10,1호선 (상행선),10분
2022-08-10,1호선 (하행선),5분
2022-08-10,2호선 (외선),5분
2022-08-10,3호선 (상행선),10분
2022-08-10,3호선 (하행선),5분
2022-08-10,4호선 (상행선),5분
2022-08-10,4호선 (하행선),5분
2022-08-10,7호선 (부천구청행),5분
2022-08-10,7호선 (온수행),5분
2022-08-10,7호선 (장암행),5분
2022-08-11,2호선 (외선),10분
2022-08-11,3호선 (상행선),5분
2022-08-11,3호선 (하행선),5분
2022-08-11,4호선 (상행선),20분
2022-08-11,4호선 (하행선),10분
2022-08-12,3호선 (상행선),5분
2022-08-12,3호선 (하행선),5분
2022-08-12,4호선 (상행선),5분
2022-08-12,4호선 (하행선),10분
2022-08-15,4호선 (상행선),5분
2022-08-15,4호선 (하행선),10분
2022-08-16,3호선 (상행선),5분
2022-08-16,3호선 (하행선),5분
2022-08-16,4호선 (상행선),15분
2022-08-16,4호선 (하행선),10분
2022-08-17,3호선 (상행선),10분
2022-08-17,3호선 (하행선),10분
2022-08-17,4호선 (상행선),30분
2022-08-17,4호선 (상행선),30분
2022-08-17,4호선 (하행선),30분
2022-08-17,4호선 (하행선),30분
2022-08-18,1호선 (상행선),5분
2022-08-18,1호선 (하행선),5분
2022-08-18,2호선 (외선),5분
2022-08-18,3호선 (상행선),5분
2022-08-18,3호선 (하행선),5분
2022-08-18,4호선 (상행선),10분
2022-08-18,4호선 (하행선),10분
2022-08-19,4호선 (상행선),10분
2022-08-19,4호선 (하행선),15분
2022-08-22,1호선 (상행선),5분
2022-08-22,1호선 (하행선),5분
2022-08-22,2호선 (외선),5분
2022-08-22,3호선 (상행선),5분
2022-08-22,3호선 (하행선),5분
2022-08-22,4호선 (상행선),5분
2022-08-22,4호선 (하행선),10분
2022-08-23,2호선 (외선),10분
2022-08-23,8호선 (모란행),15분
2022-08-23,8호선 (암사행),15분
2022-08-24,3호선 (상행선),5분
2022-08-24,3호선 (하행선),10분
2022-08-24,4호선 (상행선),5분
2022-08-24,4호선 (하행선),5분
2022-08-24,7호선 (부천구청행),10분
2022-08-24,7호선 (온수행),10분
2022-08-25,3호선 (상행선),5분
2022-08-25,3호선 (하행선),5분
2022-08-25,4호선 (상행선),5분
2022-08-25,4호선 (하행선),5분
2022-08-25,7호선 (장암행),5분
2022-08-26,1호선 (상행선),5분
2022-08-26,1호선 (하행선),5분
2022-08-26,2호선 (외선),5분
2022-08-26,3호선 (상행선),10분
2022-08-26,3호선 (하행선),10분
2022-08-26,4호선 (상행선),10분
2022-08-26,4호선 (하행선),10분
2022-08-29,1호선 (상행선),10분
2022-08-29,1호선 (하행선),5분
2022-08-29,2호선 (외선),10분
2022-08-29,3호선 (상행선),5분
2022-08-29,3호선 (하행선),5분
2022-08-29,4호선 (상행선),10분
2022-08-29,4호선 (하행선),10분
2022-08-30,1호선 (상행선),10분
2022-08-30,1호선 (하행선),20분
2022-08-30,2호선 (내선),5분
2022-08-30,2호선 (외선),5분
2022-08-30,3호선 (상행선),5분
2022-08-30,3호선 (하행선),10분
2022-08-30,4호선 (상행선),30분
2022-08-30,4호선 (상행선),10분
2022-08-30,4호선 (하행선),30분
2022-08-30,4호선 (하행선),10분
2022-08-31,1호선 (하행선),15분
2022-08-31,2호선 (외선),5분
2022-08-31,3호선 (상행선),10분
2022-08-31,4호선 (상행선),10분
2022-08-31,4호선 (하행선),15분
2022-09-02,1호선 (상행선),10분
2022-09-02,1호선 (하행선),10분
2022-09-02,3호선 (상행선),5분
2022-09-02,3호선 (하행선),5분
2022-09-02,4호선 (상행선),5분
2022-09-02,4호선 (하행선),5분
2022-09-03,8호선 (암사행),10분
2022-09-05,2호선 (내선),15분
2022-09-05,2호선 (내선),5분
2022-09-05,2호선 (외선),15분
2022-09-05,3호선 (상행선),10분
2022-09-05,3호선 (하행선),10분
2022-09-05,4호선 (상행선),10분
2022-09-05,4호선 (하행선),20분
2022-09-05,4호선 (하행선),10분
2022-09-05,7호선 (부천구청행),5분
2022-09-05,7호선 (온수행),5분
2022-09-05,7호선 (장암행),5분
2022-09-06,1호선 (상행선),20분
2022-09-06,1호선 (상행선),10분
2022-09-06,1호선 (하행선),10분
2022-09-06,1호선 (하행선),5분
2022-09-06,3호선 (상행선),5분
2022-09-06,3호선 (하행선),5분
2022-09-06,4호선 (상행선),10분
2022-09-06,4호선 (하행선),5분
2022-09-06,5호선 (마천행),10분
2022-09-06,5호선 (상일동행),10분
2022-09-06,6호선 (봉화산행),5분
2022-09-07,1호선 (상행선),5분
2022-09-07,1호선 (하행선),5분
2022-09-07,2호선 (외선),5분
2022-09-07,3호선 (상행선),5분
2022-09-07,3호선 (하행선),10분
2022-09-07,4호선 (상행선),10분
2022-09-07,4호선 (하행선),10분
2022-09-07,5호선 (마천행),15분
2022-09-07,5호선 (상일동행),15분
2022-09-07,6호선 (봉화산행),5분
2022-09-07,6호선 (봉화산행),5분
2022-09-07,6호선 (응암순환행),5분
2022-09-07,6호선 (응암순환행),5분
2022-09-07,7호선 (부천구청행),5분
2022-09-07,7호선 (부천구청행),5분
2022-09-07,7호선 (온수행),5분
2022-09-07,7호선 (온수행),5분
2022-09-07,7호선 (장암행),5분
2022-09-07,7호선 (장암행),5분
2022-09-08,4호선 (상행선),15분
2022-09-08,4호선 (하행선),15분
2022-09-12,7호선 (부천구청행),5분
2022-09-12,7호선 (온수행),5분
2022-09-12,7호선 (장암행),5분
2022-09-13,1호선 (상행선),5분
2022-09-13,1호선 (하행선),5분
2022-09-13,2호선 (내선),30분
2022-09-13,2호선 (외선),10분
2022-09-13,2호선 (외선),5분
2022-09-13,3호선 (상행선),10분
2022-09-13,3호선 (하행선),10분
2022-09-13,4호선 (상행선),30분
2022-09-13,4호선 (상행선),30분
2022-09-13,4호선 (하행선),30분
2022-09-13,4호선 (하행선),30분
2022-09-13,5호선 (방화행),15분
2022-09-14,3호선 (상행선),10분
2022-09-14,3호선 (하행선),10분
2022-09-14,4호선 (상행선),5분
2022-09-14,4호선 (하행선),10분
2022-09-15,1호선 (상행선),5분
2022-09-15,2호선 (외선),5분
2022-09-15,3호선 (상행선),10분
2022-09-15,3호선 (하행선),10분
2022-09-15,4호선 (상행선),10분
2022-09-15,4호선 (하행선),10분
2022-09-16,2호선 (내선),5분
2022-09-16,2호선 (외선),10분
2022-09-16,3호선 (상행선),30분
2022-09-16,3호선 (상행선),30분
2022-09-16,3호선 (하행선),30분
2022-09-16,3호선 (하행선),30분
2022-09-16,4호선 (상행선),5분
2022-09-16,4호선 (하행선),10분
2022-09-19,2호선 (외선),30분
2022-09-19,3호선 (상행선),5분
2022-09-19,3호선 (하행선),5분
2022-09-19,4호선 (상행선),15분
2022-09-19,4호선 (하행선),10분
2022-09-19,7호선 (부천구청행),5분
2022-09-19,7호선 (온수행),5분
2022-09-19,7호선 (장암행),5분
2022-09-20,2호선 (외선),10분
2022-09-20,4호선 (상행선),10분
2022-09-20,4호선 (하행선),10분
2022-09-20,5호선 (방화행),5분
2022-09-20,7호선 (부천구청행),10분
2022-09-20,7호선 (온수행),10분
2022-09-20,7호선 (장암행),10분
2022-09-21,4호선 (상행선),10분
2022-09-21,4호선 (하행선),10분
2022-09-22,1호선 (상행선),10분
2022-09-22,1호선 (하행선),10분
2022-09-22,2호선 (내선),5분
2022-09-22,2호선 (외선),10분
2022-09-22,3호선 (상행선),10분
2022-09-22,3호선 (하행선),10분
2022-09-22,4호선 (상행선),5분
2022-09-22,4호선 (하행선),5분
2022-09-22,5호선 (방화행),10분
2022-09-22,8호선 (암사행),10분
2022-09-23,2호선 (외선),5분
2022-09-23,3호선 (상행선),5분
2022-09-23,3호선 (하행선),10분
2022-09-23,4호선 (상행선),10분
2022-09-23,4호선 (하행선),10분
2022-09-23,5호선 (마천행),20분
2022-09-23,5호선 (상일동행),20분
2022-09-24,7호선 (부천구청행),10분
2022-09-24,7호선 (온수행),10분
2022-09-24,7호선 (장암행),10분
2022-09-26,1호선 (상행선),10분
2022-09-26,1호선 (하행선),5분
2022-09-26,2호선 (내선),5분
2022-09-26,2호선 (외선),10분
2022-09-26,3호선 (상행선),5분
2022-09-26,3호선 (하행선),5분
2022-09-26,4호선 (상행선),10분
2022-09-26,4호선 (하행선),10분
2022-09-27,1호선 (상행선),5분
2022-09-27,1호선 (하행선),20분
2022-09-27,2호선 (내선),15분
2022-09-27,2호선 (외선),15분
2022-09-27,3호선 (상행선),5분
2022-09-27,3호선 (하행선),5분
2022-09-27,4호선 (상행선),10분
2022-09-27,4호선 (하행선),15분
2022-09-28,2호선 (내선),10분
2022-09-28,2호선 (내선),10분
2022-09-28,2호선 (외선),20분
2022-09-28,2호선 (외선),30분
2022-09-28,5호선 (마천행),30분
2022-09-28,5호선 (마천행),20분
2022-09-28,5호선 (방화행),30분
2022-09-28,5호선 (방화행),30분
2022-09-28,5호선 (상일동행),30분
2022-09-28,5호선 (상일동행),20분
2022-09-28,7호선 (부천구청행),5분
2022-09-28,7호선 (온수행),5분
2022-09-28,7호선 (장암행),5분
2022-09-29,3호선 (상행선),10분
2022-09-29,3호선 (하행선),10분
2022-09-29,4호선 (상행선),15분
2022-09-29,4호선 (하행선),10분
2022-09-29,5호선 (방화행),15분
2022-09-30,3호선 (상행선),10분
2022-09-30,3호선 (하행선),10분
2022-09-30,4호선 (상행선),10분
2022-09-30,4호선 (하행선),10분
2022-09-30,7호선 (장암행),10분
2022-10-04,2호선 (외선),15분
2022-10-04,3호선 (상행선),5분
2022-10-04,3호선 (하행선),10분
2022-10-04,4호선 (상행선),15분
2022-10-04,4호선 (하행선),15분
2022-10-05,1호선 (상행선),15분
2022-10-05,1호선 (하행선),15분
2022-10-05,2호선 (외선),10분
2022-10-05,3호선 (상행선),5분
2022-10-05,3호선 (하행선),10분
2022-10-05,4호선 (상행선),15분
2022-10-05,4호선 (하행선),15분
2022-10-05,5호선 (마천행),5분
2022-10-05,5호선 (상일동행),5분
2022-10-06,1호선 (상행선),30분
2022-10-06,1호선 (상행선),30분
2022-10-06,1호선 (하행선),30분
2022-10-06,1호선 (하행선),10분
2022-10-06,2호선 (내선),5분
2022-10-06,2호선 (내선),5분
2022-10-06,2호선 (외선),5분
2022-10-06,2호선 (외선),10분
2022-10-06,3호선 (상행선),10분
2022-10-06,3호선 (상행선),10분
2022-10-06,3호선 (하행선),10분
2022-10-06,3호선 (하행선),10분
2022-10-06,4호선 (상행선),15분
2022-10-06,4호선 (상행선),10분
2022-10-06,4호선 (하행선),15분
2022-10-06,4호선 (하행선),15분
2022-10-06,5호선 (상일동행),5분
2022-10-06,7호선 (부천구청행),5분
2022-10-06,7호선 (온수행),5분
2022-10-06,7호선 (장암행),5분
2022-10-07,3호선 (상행선),5분
2022-10-07,3호선 (하행선),5분
2022-10-07,4호선 (상행선),10분
2022-10-07,4호선 (하행선),10분
2022-10-07,5호선 (마천행),15분
2022-10-07,5호선 (상일동행),15분
2022-10-11,1호선 (상행선),30분
2022-10-11,1호선 (하행선),30분
2022-10-11,2호선 (외선),10분
2022-10-11,3호선 (상행선),10분
2022-10-11,3호선 (하행선),10분
2022-10-11,4호선 (상행선),10분
2022-10-11,4호선 (하행선),10분
2022-10-12,2호선 (외선),10분
2022-10-12,4호선 (상행선),15분
2022-10-12,4호선 (하행선),15분
2022-10-12,5호선 (마천행),5분
2022-10-12,5호선 (상일동행),5분
2022-10-13,1호선 (상행선),15분
2022-10-13,1호선 (하행선),10분
2022-10-13,2호선 (외선),10분
2022-10-13,3호선 (상행선),5분
2022-10-13,3호선 (하행선),10분
2022-10-13,4호선 (상행선),10분
2022-10-13,4호선 (하행선),20분
2022-10-14,2호선 (내선),10분
2022-10-14,2호선 (외선),10분
2022-10-14,4호선 (상행선),15분
2022-10-14,4호선 (하행선),15분
2022-10-14,7호선 (부천구청행),5분
2022-10-14,7호선 (장암행),5분
2022-10-17,1호선 (상행선),10분
2022-10-17,1호선 (하행선),5분
2022-10-17,2호선 (외선),5분
2022-10-17,3호선 (상행선),5분
2022-10-17,3호선 (하행선),10분
2022-10-17,4호선 (상행선),10분
2022-10-17,4호선 (하행선),10분
2022-10-17,5호선 (마천행),30분
2022-10-17,5호선 (마천행),30분
2022-10-17,5호선 (방화행),30분
2022-10-17,5호선 (방화행),30분
2022-10-17,5호선 (상일동행),30분
2022-10-17,5호선 (상일동행),30분
2022-10-17,7호선 (부천구청행),5분
2022-10-17,7호선 (부천구청행),5분
2022-10-17,7호선 (온수행),5분
2022-10-17,7호선 (온수행),5분
2022-10-17,7호선 (장암행),5분
2022-10-17,7호선 (장암행),5분
2022-10-18,3호선 (상행선),10분
2022-10-18,3호선 (하행선),15분
2022-10-18,4호선 (상행선),10분
2022-10-18,4호선 (하행선),10분
2022-10-19,2호선 (내선),30분
2022-10-19,2호선 (내선),30분
2022-10-19,2호선 (외선),5분
2022-10-19,3호선 (상행선),10분
2022-10-19,3호선 (하행선),10분
2022-10-19,4호선 (상행선),10분
2022-10-19,4호선 (하행선),15분
2022-10-19,7호선 (부천구청행),5분
2022-10-19,7호선 (온수행),5분
2022-10-19,7호선 (장암행),5분
2022-10-20,1호선 (상행선),5분
2022-10-20,1호선 (하행선),5분
2022-10-20,2호선 (내선),5분
2022-10-20,2호선 (외선),15분
2022-10-20,3호선 (상행선),5분
2022-10-20,3호선 (하행선),5분
2022-10-20,4호선 (상행선),15분
2022-10-20,4호선 (하행선),10분
2022-10-20,7호선 (장암행),5분
2022-10-21,1호선 (상행선),10분
2022-10-21,1호선 (하행선),5분
2022-10-21,2호선 (외선),5분
2022-10-21,3호선 (상행선),5분
2022-10-21,3호선 (하행선),20분
2022-10-21,4호선 (상행선),10분
2022-10-21,4호선 (하행선),10분
2022-10-24,1호선 (상행선),10분
2022-10-24,1호선 (하행선),5분
2022-10-24,2호선 (내선),5분
2022-10-24,2호선 (외선),5분
2022-10-24,3호선 (상행선),15분
2022-10-24,3호선 (하행선),10분
2022-10-24,4호선 (상행선),15분
2022-10-24,4호선 (하행선),20분
2022-10-25,1호선 (상행선),10분
2022-10-25,1호선 (하행선),10분
2022-10-25,2호선 (외선),5분
2022-10-25,3호선 (상행선),5분
2022-10-25,3호선 (하행선),5분
2022-10-25,4호선 (상행선),30분
2022-10-25,4호선 (상행선),30분
2022-10-25,4호선 (하행선),30분
2022-10-25,4호선 (하행선),25분
2022-10-25,5호선 (방화행),15분
2022-10-26,2호선 (내선),10분
2022-10-26,2호선 (외선),10분
2022-10-27,2호선 (외선),10분
2022-10-27,3호선 (상행선),10분
2022-10-27,3호선 (하행선),5분
2022-10-27,4호선 (상행선),30분
2022-10-27,4호선 (상행선),10분
2022-10-27,4호선 (하행선),30분
2022-10-27,4호선 (하행선),10분
2022-10-27,5호선 (마천행),10분
2022-10-27,5호선 (방화행),20분
2022-10-27,5호선 (상일동행),10분
2022-10-28,3호선 (상행선),5분
2022-10-28,3호선 (하행선),5분
2022-10-28,4호선 (상행선),5분
2022-10-28,4호선 (하행선),10분
2022-10-29,4호선 (하행선),15분
2022-10-29,7호선 (부천구청행),5분
2022-10-29,7호선 (온수행),5분
2022-10-29,7호선 (장암행),5분
2022-10-31,3호선 (상행선),5분
2022-10-31,3호선 (하행선),10분
2022-10-31,4호선 (상행선),10분
2022-10-31,4호선 (하행선),15분
2022-11-01,2호선 (외선),10분
2022-11-01,3호선 (상행선),5분
2022-11-01,3호선 (하행선),10분
2022-11-01,4호선 (상행선),5분
2022-11-01,4호선 (하행선),5분
2022-11-01,5호선 (마천행),10분
2022-11-01,5호선 (상일동행),10분
2022-11-02,1호선 (상행선),10분
2022-11-02,1호선 (하행선),10분
2022-11-02,2호선 (외선),5분
2022-11-02,3호선 (상행선),10분
2022-11-02,3호선 (하행선),10분
2022-11-02,4호선 (상행선),10분
2022-11-02,4호선 (하행선),10분
2022-11-03,1호선 (상행선),10분
2022-11-03,1호선 (하행선),10분
2022-11-03,2호선 (외선),10분
2022-11-03,4호선 (상행선),10분
2022-11-03,4호선 (하행선),20분
2022-11-03,6호선 (봉화산행),10분
2022-11-03,6호선 (응암순환행),5분
2022-11-03,7호선 (부천구청행),5분
2022-11-03,7호선 (온수행),5분
2022-11-03,7호선 (장암행),5분
2022-11-03,7호선 (장암행),10분
2022-11-04,1호선 (상행선),10분
2022-11-04,1호선 (하행선),5분
2022-11-04,2호선 (외선),10분
2022-11-06,1호선 (상행선),30분
2022-11-06,1호선 (하행선),30분
2022-11-07,1호선 (상행선),30분
2022-11-07,1호선 (상행선),30분
2022-11-07,1호선 (상행선),30분
2022-11-07,1호선 (하행선),30분
2022-11-07,1호선 (하행선),30분
2022-11-07,1호선 (하행선),30분
2022-11-07,2호선 (외선),10분
2022-11-07,3호선 (상행선),10분
2022-11-07,4호선 (상행선),30분
2022-11-07,4호선 (하행선),20분
2022-11-07,5호선 (마천행),10분
2022-11-07,5호선 (마천행),10분
2022-11-07,5호선 (방화행),10분
2022-11-07,5호선 (방화행),10분
2022-11-07,5호선 (상일동행),10분
2022-11-07,5호선 (상일동행),10분
2022-11-07,7호선 (부천구청행),5분
2022-11-07,7호선 (온수행),5분
2022-11-07,7호선 (장암행),5분
2022-11-07,8호선 (모란행),30분
2022-11-07,8호선 (암사행),30분
2022-11-08,2호선 (외선),10분
2022-11-08,3호선 (상행선),5분
2022-11-08,3호선 (하행선),10분
2022-11-08,4호선 (상행선),10분
2022-11-08,4호선 (하행선),10분
2022-11-08,5호선 (마천행),30분
2022-11-08,5호선 (마천행),20분
2022-11-08,5호선 (마천행),30분
2022-11-08,5호선 (방화행),30분
2022-11-08,5호선 (방화행),30분
2022-11-08,5호선 (상일동행),30분
2022-11-08,5호선 (상일동행),20분
2022-11-08,5호선 (상일동행),30분
2022-11-08,8호선 (모란행),10분
2022-11-08,8호선 (암사행),15분
2022-11-09,2호선 (내선),5분
2022-11-09,2호선 (외선),10분
2022-11-09,3호선 (상행선),10분
2022-11-09,3호선 (하행선),10분
2022-11-09,4호선 (상행선),10분
2022-11-09,4호선 (하행선),15분
2022-11-09,5호선 (마천행),30분
2022-11-09,5호선 (방화행),30분
2022-11-09,5호선 (상일동행),30분
2022-11-10,1호선 (상행선),10분
2022-11-10,1호선 (하행선),5분
2022-11-10,2호선 (외선),10분
2022-11-10,3호선 (상행선),5분
2022-11-10,3호선 (하행선),5분
2022-11-10,4호선 (상행선),10분
2022-11-10,4호선 (하행선),10분
2022-11-10,5호선 (마천행),10분
2022-11-10,5호선 (마천행),25분
2022-11-10,5호선 (방화행),30분
2022-11-10,5호선 (방화행),30분
2022-11-10,5호선 (상일동행),10분
2022-11-10,5호선 (상일동행),25분
2022-11-10,6호선 (봉화산행),5분
2022-11-10,6호선 (응암순환행),5분
2022-11-10,7호선 (부천구청행),5분
2022-11-10,7호선 (부천구청행),15분
2022-11-10,7호선 (온수행),10분
2022-11-10,7호선 (온수행),15분
2022-11-10,7호선 (장암행),5분
2022-11-10,7호선 (장암행),5분
2022-11-11,2호선 (내선),5분
2022-11-11,2호선 (외선),10분
2022-11-11,3호선 (상행선),10분
2022-11-11,3호선 (하행선),15분
2022-11-11,4호선 (상행선),15분
2022-11-11,4호선 (상행선),15분
2022-11-11,4호선 (하행선),15분
2022-11-11,4호선 (하행선),5분
2022-11-14,1호선 (상행선),10분
2022-11-14,1호선 (하행선),10분
2022-11-14,2호선 (외선),10분
2022-11-14,3호선 (상행선),10분
2022-11-14,3호선 (하행선),10분
2022-11-14,4호선 (상행선),10분
2022-11-14,4호선 (하행선),10분
2022-11-14,5호선 (마천행),5분
2022-11-14,5호선 (상일동행),5분
2022-11-14,6호선 (봉화산행),5분
2022-11-14,6호선 (응암순환행),5분
2022-11-14,7호선 (부천구청행),5분
2022-11-14,7호선 (온수행),5분
2022-11-14,7호선 (장암행),5분
2022-11-15,2호선 (내선),10분
2022-11-15,2호선 (외선),15분
2022-11-15,5호선 (방화행),5분
2022-11-15,7호선 (부천구청행),5분
2022-11-15,7호선 (온수행),5분
2022-11-15,7호선 (장암행),10분
2022-11-16,1호선 (상행선),10분
2022-11-16,1호선 (하행선),10분
2022-11-16,2호선 (외선),10분
2022-11-16,3호선 (상행선),30분
2022-11-16,3호선 (하행선),20분
2022-11-16,4호선 (상행선),30분
2022-11-16,4호선 (상행선),10분
2022-11-16,4호선 (하행선),30분
2022-11-16,4호선 (하행선),10분
2022-11-17,2호선 (외선),5분
2022-11-17,3호선 (상행선),5분
2022-11-17,3호선 (하행선),5분
2022-11-17,4호선 (상행선),10분
2022-11-17,4호선 (하행선),10분
2022-11-18,1호선 (상행선),5분
2022-11-18,1호선 (하행선),10분
2022-11-18,2호선 (외선),5분
2022-11-18,3호선 (상행선),5분
2022-11-18,3호선 (하행선),10분
2022-11-18,4호선 (상행선),10분
2022-11-18,4호선 (하행선),10분
2022-11-19,5호선 (방화행),10분
2022-11-21,1호선 (상행선),20분
2022-11-21,1호선 (하행선),25분
2022-11-21,3호선 (상행선),10분
2022-11-21,3호선 (하행선),5분
2022-11-21,4호선 (상행선),15분
2022-11-21,4호선 (하행선),10분
2022-11-22,1호선 (상행선),5분
2022-11-22,1호선 (하행선),10분
2022-11-22,2호선 (외선),10분
2022-11-22,3호선 (상행선),10분
2022-11-22,3호선 (하행선),10분
2022-11-22,4호선 (상행선),10분
2022-11-22,4호선 (하행선),20분
2022-11-22,6호선 (봉화산행),5분
2022-11-22,6호선 (봉화산행),5분
2022-11-22,6호선 (응암순환행),5분
2022-11-22,6호선 (응암순환행),5분
2022-11-22,7호선 (부천구청행),5분
2022-11-22,7호선 (온수행),5분
2022-11-22,7호선 (장암행),5분
2022-11-23,2호선 (외선),10분
2022-11-23,4호선 (상행선),15분
2022-11-23,4호선 (상행선),15분
2022-11-23,4호선 (하행선),10분
2022-11-23,7호선 (부천구청행),5분
2022-11-23,7호선 (부천구청행),15분
2022-11-23,7호선 (온수행),5분
2022-11-23,7호선 (장암행),5분
2022-11-24,3호선 (상행선),5분
2022-11-24,3호선 (하행선),5분
2022-11-24,4호선 (상행선),10분
2022-11-24,4호선 (하행선),10분
2022-11-24,5호선 (마천행),15분
2022-11-24,5호선 (상일동행),15분
2022-11-25,3호선 (상행선),10분
2022-11-25,3호선 (하행선),10분
2022-11-25,4호선 (상행선),10분
2022-11-25,4호선 (하행선),10분
2022-11-28,1호선 (상행선),30분
2022-11-28,1호선 (하행선),20분
2022-11-28,2호선 (외선),10분
2022-11-28,3호선 (상행선),15분
2022-11-28,3호선 (하행선),20분
2022-11-28,4호선 (상행선),20분
2022-11-28,4호선 (하행선),15분
2022-11-28,7호선 (부천구청행),5분
2022-11-29,1호선 (상행선),30분
2022-11-29,1호선 (하행선),15분
2022-11-29,2호선 (내선),5분
2022-11-29,2호선 (외선),15분
2022-11-29,3호선 (상행선),15분
2022-11-29,3호선 (하행선),25분
2022-11-29,3호선 (하행선),15분
2022-11-29,4호선 (상행선),15분
2022-11-29,4호선 (하행선),25분
2022-11-29,5호선 (마천행),10분
2022-11-29,5호선 (마천행),10분
2022-11-29,5호선 (방화행),10분
2022-11-29,5호선 (상일동행),10분
2022-11-29,5호선 (상일동행),10분
2022-11-29,7호선 (부천구청행),5분
2022-11-29,7호선 (장암행),5분
2022-11-30,1호선 (상행선),30분
2022-11-30,1호선 (하행선),30분
2022-11-30,2호선 (외선),10분
2022-11-30,3호선 (상행선),15분
2022-11-30,3호선 (하행선),20분
2022-11-30,4호선 (상행선),20분
2022-11-30,4호선 (하행선),25분
2022-11-30,5호선 (마천행),5분
2022-11-30,5호선 (상일동행),5분
2022-11-30,6호선 (봉화산행),5분
2022-11-30,6호선 (봉화산행),5분
2022-11-30,6호선 (응암순환행),5분
2022-11-30,6호선 (응암순환행),5분
2022-11-30,7호선 (부천구청행),10분
2022-11-30,7호선 (부천구청행),5분
2022-11-30,7호선 (온수행),10분
2022-11-30,7호선 (온수행),5분
2022-11-30,7호선 (장암행),10분
2022-11-30,7호선 (장암행),5분
2022-12-01,1호선 (상행선),30분
2022-12-01,1호선 (하행선),30분
2022-12-01,2호선 (내선),5분
2022-12-01,2호선 (외선),10분
2022-12-01,3호선 (상행선),5분
2022-12-01,3호선 (하행선),5분
2022-12-01,4호선 (상행선),15분
2022-12-01,4호선 (하행선),10분
2022-12-01,5호선 (마천행),30분
2022-12-01,5호선 (방화행),5분
2022-12-01,5호선 (방화행),5분
2022-12-01,5호선 (상일동행),30분
2022-12-01,7호선 (부천구청행),15분
2022-12-01,7호선 (온수행),15분
2022-12-01,7호선 (장암행),10분
2022-12-02,1호선 (상행선),10분
2022-12-02,1호선 (하행선),10분
2022-12-02,2호선 (외선),10분
2022-12-02,3호선 (상행선),10분
2022-12-02,3호선 (하행선),10분
2022-12-02,4호선 (상행선),30분
2022-12-02,4호선 (상행선),30분
2022-12-02,4호선 (하행선),30분
2022-12-02,4호선 (하행선),30분
2022-12-05,1호선 (상행선),10분
2022-12-05,1호선 (하행선),5분
2022-12-05,2호선 (내선),5분
2022-12-05,2호선 (외선),5분
2022-12-05,3호선 (상행선),5분
2022-12-05,3호선 (하행선),5분
2022-12-05,4호선 (상행선),15분
2022-12-05,4호선 (하행선),15분
2022-12-05,5호선 (마천행),10분
2022-12-05,7호선 (장암행),10분
2022-12-06,3호선 (상행선),10분
2022-12-06,3호선 (하행선),10분
2022-12-06,4호선 (상행선),15분
2022-12-06,4호선 (하행선),15분
2022-12-06,4호선 (하행선),15분
2022-12-07,3호선 (상행선),10분
2022-12-07,3호선 (상행선),15분
2022-12-07,3호선 (하행선),15분
2022-12-07,3호선 (하행선),15분
2022-12-07,4호선 (상행선),20분
2022-12-07,4호선 (하행선),15분
2022-12-07,8호선 (모란행),5분
2022-12-07,8호선 (모란행),10분
2022-12-08,1호선 (상행선),5분
2022-12-08,1호선 (하행선),5분
2022-12-08,2호선 (내선),10분
2022-12-08,2호선 (내선),10분
2022-12-08,2호선 (외선),10분
2022-12-08,2호선 (외선),15분
2022-12-08,3호선 (상행선),15분
2022-12-08,3호선 (하행선),10분
2022-12-08,4호선 (상행선),10분
2022-12-08,4호선 (하행선),15분
2022-12-08,5호선 (상일동행),10분
2022-12-08,6호선 (봉화산행),5분
2022-12-08,6호선 (응암순환행),5분
2022-12-08,7호선 (부천구청행),10분
2022-12-08,7호선 (부천구청행),5분
2022-12-08,7호선 (온수행),10분
2022-12-08,7호선 (온수행),5분
2022-12-08,7호선 (장암행),10분
2022-12-08,7호선 (장암행),5분
2022-12-09,2호선 (내선),10분
2022-12-09,3호선 (상행선),10분
2022-12-09,3호선 (하행선),10분
2022-12-09,4호선 (상행선),10분
2022-12-09,4호선 (하행선),10분
2022-12-09,6호선 (봉화산행),5분
2022-12-09,6호선 (응암순환행),5분
2022-12-09,7호선 (부천구청행),5분
2022-12-09,7호선 (온수행),5분
2022-12-09,7호선 (장암행),5분
2022-12-12,1호선 (상행선),10분
2022-12-12,1호선 (하행선),10분
2022-12-12,3호선 (상행선),5분
2022-12-12,3호선 (하행선),10분
2022-12-12,4호선 (상행선),30분
2022-12-12,4호선 (상행선),25분
2022-12-12,4호선 (하행선),30분
2022-12-12,4호선 (하행선),15분
2022-12-12,7호선 (부천구청행),5분
2022-12-12,7호선 (온수행),5분
2022-12-12,7호선 (장암행),5분
2022-12-13,1호선 (상행선),10분
2022-12-13,1호선 (하행선),10분
2022-12-13,2호선 (외선),10분
2022-12-13,3호선 (상행선),10분
2022-12-13,3호선 (상행선),5분
2022-12-13,3호선 (하행선),10분
2022-12-13,3호선 (하행선),10분
2022-12-13,4호선 (상행선),10분
2022-12-13,4호선 (하행선),10분
2022-12-13,7호선 (온수행),10분
2022-12-13,7호선 (장암행),10분
2022-12-14,1호선 (상행선),10분
2022-12-14,1호선 (하행선),10분
2022-12-14,2호선 (내선),10분
2022-12-14,2호선 (외선),10분
2022-12-14,3호선 (상행선),5분
2022-12-14,3호선 (하행선),10분
2022-12-14,4호선 (상행선),30분
2022-12-14,4호선 (하행선),25분
2022-12-14,6호선 (응암순환행),10분
2022-12-14,7호선 (부천구청행),5분
2022-12-14,7호선 (부천구청행),5분
2022-12-14,7호선 (온수행),5분
2022-12-14,7호선 (온수행),5분
2022-12-14,7호선 (장암행),5분
2022-12-14,7호선 (장암행),5분
2022-12-15,2호선 (외선),10분
2022-12-15,3호선 (상행선),10분
2022-12-15,3호선 (하행선),10분
2022-12-15,4호선 (상행선),10분
2022-12-15,4호선 (하행선),10분
2022-12-15,5호선 (마천행),10분
2022-12-15,5호선 (상일동행),10분
2022-12-16,1호선 (상행선),5분
2022-12-16,1호선 (하행선),5분
2022-12-16,2호선 (외선),5분
2022-12-16,3호선 (상행선),10분
2022-12-16,3호선 (하행선),10분
2022-12-16,4호선 (상행선),15분
2022-12-16,4호선 (하행선),15분
2022-12-16,7호선 (부천구청행),10분
2022-12-16,7호선 (부천구청행),10분
2022-12-16,7호선 (온수행),10분
2022-12-16,7호선 (온수행),10분
2022-12-17,7호선 (부천구청행),10분
2022-12-19,1호선 (상행선),10분
2022-12-19,1호선 (하행선),30분
2022-12-19,2호선 (외선),15분
2022-12-19,3호선 (상행선),10분
2022-12-19,3호선 (하행선),10분
2022-12-19,4호선 (상행선),10분
2022-12-19,4호선 (하행선),5분
2022-12-19,5호선 (마천행),10분
2022-12-19,5호선 (방화행),10분
2022-12-19,5호선 (상일동행),10분
2022-12-19,7호선 (부천구청행),20분
2022-12-19,7호선 (부천구청행),20분
2022-12-19,7호선 (온수행),20분
2022-12-19,7호선 (온수행),20분
2022-12-19,7호선 (장암행),20분
2022-12-19,7호선 (장암행),20분
2022-12-20,1호선 (상행선),10분
2022-12-20,1호선 (하행선),5분
2022-12-20,2호선 (외선),10분
2022-12-20,3호선 (상행선),5분
2022-12-20,3호선 (하행선),10분
2022-12-20,4호선 (상행선),15분
2022-12-20,4호선 (상행선),15분
2022-12-20,4호선 (하행선),15분
2022-12-20,5호선 (마천행),10분
2022-12-20,5호선 (상일동행),10분
2022-12-20,7호선 (부천구청행),5분
2022-12-20,7호선 (부천구청행),5분
2022-12-20,7호선 (온수행),5분
2022-12-20,7호선 (온수행),5분
2022-12-20,7호선 (장암행),5분
2022-12-20,7호선 (장암행),5분
2022-12-21,1호선 (상행선),25분
2022-12-21,1호선 (하행선),15분
2022-12-21,2호선 (내선),15분
2022-12-21,2호선 (외선),20분
2022-12-21,3호선 (상행선),10분
2022-12-21,3호선 (하행선),20분
2022-12-21,4호선 (상행선),20분
2022-12-21,4호선 (하행선),20분
2022-12-21,5호선 (마천행),5분
2022-12-21,5호선 (방화행),10분
2022-12-21,5호선 (상일동행),5분
2022-12-21,6호선 (봉화산행),5분
2022-12-21,6호선 (봉화산행),10분
2022-12-21,6호선 (응암순환행),5분
2022-12-21,6호선 (응암순환행),5분
2022-12-21,7호선 (부천구청행),20분
2022-12-21,7호선 (부천구청행),10분
2022-12-21,7호선 (부천구청행),20분
2022-12-21,7호선 (온수행),20분
2022-12-21,7호선 (온수행),10분
2022-12-21,7호선 (온수행),20분
2022-12-21,7호선 (장암행),20분
2022-12-21,7호선 (장암행),10분
2022-12-21,7호선 (장암행),15분
2022-12-22,1호선 (상행선),10분
2022-12-22,3호선 (상행선),5분
2022-12-22,3호선 (하행선),10분
2022-12-22,4호선 (상행선),20분
2022-12-22,4호선 (하행선),15분
2022-12-22,7호선 (부천구청행),30분
2022-12-22,7호선 (온수행),30분
2022-12-22,7호선 (장암행),30분
2022-12-23,1호선 (상행선),15분
2022-12-23,1호선 (상행선),10분
2022-12-23,1호선 (하행선),15분
2022-12-23,1호선 (하행선),10분
2022-12-23,2호선 (외선),5분
2022-12-23,3호선 (상행선),30분
2022-12-23,3호선 (하행선),30분
2022-12-23,4호선 (상행선),20분
2022-12-23,4호선 (상행선),20분
2022-12-23,4호선 (상행선),10분
2022-12-23,4호선 (하행선),20분
2022-12-23,4호선 (하행선),20분
2022-12-23,4호선 (하행선),10분
2022-12-24,6호선 (봉화산행),5분
2022-12-24,6호선 (응암순환행),5분
2022-12-25,5호선 (마천행),15분
2022-12-25,5호선 (방화행),15분
2022-12-25,5호선 (상일동행),15분
2022-12-26,7호선 (부천구청행),5분
2022-12-26,7호선 (온수행),5분
2022-12-26,7호선 (장암행),5분
2022-12-27,2호선 (외선),10분
2022-12-27,3호선 (상행선),5분
2022-12-27,3호선 (하행선),5분
2022-12-27,4호선 (상행선),15분
2022-12-27,4호선 (하행선),10분
2022-12-27,5호선 (마천행),10분
2022-12-27,5호선 (방화행),10분
2022-12-27,5호선 (상일동행),10분
2022-12-28,1호선 (상행선),10분
2022-12-28,1호선 (하행선),10분
2022-12-28,2호선 (외선),10분
2022-12-28,3호선 (상행선),5분
2022-12-28,3호선 (하행선),10분
2022-12-28,4호선 (상행선),10분
2022-12-28,4호선 (상행선),15분
2022-12-28,4호선 (하행선),10분
2022-12-28,4호선 (하행선),15분
2022-12-28,6호선 (봉화산행),5분
2022-12-28,6호선 (응암순환행),5분
2022-12-29,2호선 (외선),10분
2022-12-29,6호선 (봉화산행),10분
2022-12-29,6호선 (응암순환행),10분
2023-01-01,7호선 (부천구청행),5분
2023-01-01,7호선 (온수행),5분
2023-01-01,7호선 (장암행),5분
2023-01-02,2호선 (외선),20분
2023-01-02,7호선 (부천구청행),5분
2023-01-02,7호선 (온수행),5분
2023-01-02,7호선 (장암행),5분
2023-01-02,7호선 (부천구청행),10분
2023-01-02,7호선 (온수행),10분
2023-01-02,7호선 (장암행),10분
2023-01-03,1호선 (하행선),15분
2023-01-03,1호선 (상행선),10분
2023-01-03,2호선 (외선),10분
2023-01-03,3호선 (하행선),5분
2023-01-03,3호선 (상행선),5분
2023-01-03,4호선 (하행선),10분
2023-01-03,4호선 (상행선),5분
2023-01-03,5호선 (상일동행),10분
2023-01-03,5호선 (마천행),10분
2023-01-03,7호선 (장암행),5분
2023-01-03,7호선 (부천구청행),5분
2023-01-03,7호선 (온수행),5분
2023-01-03,8호선 (모란행),10분
2023-01-04,1호선 (하행선),5분
2023-01-04,1호선 (상행선),5분
2023-01-04,2호선 (외선),15분
2023-01-04,3호선 (하행선),10분
2023-01-04,3호선 (상행선),10분
2023-01-04,4호선 (하행선),10분
2023-01-04,4호선 (상행선),5분
2023-01-04,5호선 (상일동행),5분
2023-01-04,5호선 (마천행),5분
2023-01-05,1호선 (하행선),5분
2023-01-05,1호선 (상행선),10분
2023-01-05,2호선 (외선),10분
2023-01-05,3호선 (하행선),10분
2023-01-05,3호선 (상행선),5분
2023-01-05,4호선 (하행선),10분
2023-01-05,4호선 (상행선),5분
2023-01-05,5호선 (상일동행),5분
2023-01-06,2호선 (외선),10분
2023-01-06,3호선 (하행선),10분
2023-01-06,3호선 (상행선),5분
2023-01-09,1호선 (하행선),5분
2023-01-09,1호선 (상행선),5분
2023-01-09,2호선 (외선),10분
2023-01-09,3호선 (하행선),10분
2023-01-09,3호선 (상행선),10분
2023-01-09,4호선 (하행선),10분
2023-01-09,4호선 (상행선),5분
2023-01-09,7호선 (부천구청행),5분
2023-01-09,7호선 (온수행),5분
2023-01-09,7호선 (장암행),5분
2023-01-10,2호선 (외선),25분
2023-01-10,2호선 (외선),10분
2023-01-10,4호선 (하행선),10분
2023-01-10,4호선 (하행선),10분
2023-01-10,4호선 (상행선),5분
2023-01-10,4호선 (상행선),5분
2023-01-10,7호선 (부천구청행),5분
2023-01-10,7호선 (온수행),5분
2023-01-10,7호선 (장암행),5분
2023-01-10,7호선 (부천구청행),5분
2023-01-10,7호선 (온수행),5분
2023-01-10,7호선 (장암행),5분
2023-01-11,2호선 (외선),10분
2023-01-11,3호선 (하행선),10분
2023-01-11,3호선 (상행선),5분
2023-01-11,4호선 (상행선),10분
2023-01-11,4호선 (하행선),10분
2023-01-12,3호선 (하행선),10분
2023-01-12,3호선 (상행선),5분
2023-01-12,4호선 (하행선),5분
2023-01-12,4호선 (상행선),5분
2023-01-13,1호선 (하행선),20분
2023-01-13,1호선 (상행선),15분
2023-01-13,2호선 (외선),15분
2023-01-13,2호선 (내선),15분
2023-01-13,3호선 (하행선),5분
2023-01-13,3호선 (상행선),5분
2023-01-13,4호선 (하행선),25분
2023-01-13,4호선 (상행선),20분
2023-01-13,7호선 (부천구청행),5분
2023-01-13,7호선 (온수행),5분
2023-01-13,7호선 (장암행),5분
2023-01-13,7호선 (부천구청행),5분
2023-01-13,7호선 (온수행),5분
2023-01-16,2호선 (내선),5분
2023-01-16,2호선 (외선),10분
2023-01-16,3호선 (하행선),10분
2023-01-16,3호선 (상행선),5분
2023-01-16,4호선 (하행선),5분
2023-01-16,4호선 (상행선),5분
2023-01-17,1호선 (상행선),5분
2023-01-17,2호선 (내선),5분
2023-01-17,2호선 (외선),10분
2023-01-17,3호선 (하행선),5분
2023-01-17,3호선 (상행선),5분
2023-01-17,4호선 (하행선),10분
2023-01-17,4호선 (상행선),10분
2023-01-17,7호선 (부천구청행),5분
2023-01-17,7호선 (온수행),5분
2023-01-17,7호선 (장암행),5분
2023-01-17,8호선 (암사행),5분
2023-01-18,1호선 (하행선),5분
2023-01-18,1호선 (상행선),5분
2023-01-18,2호선 (내선),10분
2023-01-18,2호선 (외선),10분
2023-01-18,3호선 (하행선),15분
2023-01-18,3호선 (상행선),15분
2023-01-18,5호선 (방화행),10분
2023-01-18,7호선 (장암행),10분
2023-01-18,7호선 (장암행),20분
2023-01-19,1호선 (하행선),5분
2023-01-19,1호선 (상행선),10분
2023-01-19,2호선 (내선),5분
2023-01-19,2호선 (외선),10분
2023-01-19,3호선 (하행선),10분
2023-01-19,3호선 (상행선),15분
2023-01-19,4호선 (하행선),10분
2023-01-19,4호선 (상행선),15분
2023-01-20,1호선 (하행선),5분
2023-01-20,1호선 (상행선),10분
2023-01-20,2호선 (외선),5분
2023-01-20,2호선 (내선),5분
2023-01-24,1호선 (하행선),20분
2023-01-24,1호선 (상행선),5분
2023-01-25,1호선 (하행선),5분
2023-01-25,1호선 (상행선),10분
2023-01-25,2호선 (외선),10분
2023-01-25,3호선 (하행선),10분
2023-01-25,3호선 (상행선),10분
2023-01-25,4호선 (하행선),15분
2023-01-25,4호선 (상행선),15분
2023-01-25,6호선 (봉화산행),5분
2023-01-25,6호선 (응암순환행),5분
2023-01-25,6호선 (봉화산행),5분
2023-01-25,6호선 (응암순환행),5분
2023-01-25,7호선 (부천구청행),10분
2023-01-25,7호선 (온수행),10분
2023-01-25,7호선 (장암행),10분
2023-01-25,7호선 (부천구청행),10분
2023-01-25,7호선 (온수행),10분
2023-01-25,7호선 (장암행),10분
2023-01-26,1호선 (하행선),20분
2023-01-26,1호선 (상행선),20분
2023-01-26,2호선 (외선),15분
2023-01-26,2호선 (내선),10분
2023-01-26,4호선 (하행선),30분
2023-01-26,4호선 (상행선),25분
2023-01-26,4호선 (하행선),20분
2023-01-26,4호선 (상행선),20분
2023-01-26,5호선 (방화행),5분
2023-01-26,7호선 (부천구청행),5분
2023-01-26,7호선 (온수행),5분
2023-01-27,1호선 (하행선),10분
2023-01-27,1호선 (상행선),10분
2023-01-27,3호선 (하행선),10분
2023-01-27,3호선 (상행선),5분
2023-01-27,4호선 (하행선),10분
2023-01-27,4호선 (상행선),10분
2023-01-30,2호선 (외선),10분
2023-01-30,4호선 (하행선),10분
2023-01-30,4호선 (상행선),15분
2023-01-30,6호선 (응암순환행),5분
2023-01-31,1호선 (하행선),5분
2023-01-31,1호선 (상행선),5분
2023-01-31,2호선 (외선),10분
2023-01-31,3호선 (하행선),5분
2023-01-31,3호선 (상행선),5분
2023-01-31,4호선 (하행선),15분
2023-01-31,4호선 (상행선),10분
2023-01-31,7호선 (부천구청행),5분
2023-02-01,1호선 (하행선),10분
2023-02-01,1호선 (상행선),10분
2023-02-01,2호선 (외선),5분
2023-02-01,3호선 (하행선),10분
2023-02-01,3호선 (상행선),5분
2023-02-01,4호선 (하행선),10분
2023-02-01,4호선 (상행선),10분
2023-02-01,4호선 (하행선),25분
2023-02-01,4호선 (상행선),20분
2023-02-01,7호선 (부천구청행),5분
2023-02-02,1호선 (하행선),5분
2023-02-02,1호선 (상행선),5분
2023-02-02,2호선 (외선),10분
2023-02-02,3호선 (하행선),10분
2023-02-02,3호선 (상행선),5분
2023-02-02,4호선 (하행선),10분
2023-02-02,4호선 (상행선),10분
2023-02-02,4호선 (하행선),10분
2023-02-02,4호선 (상행선),10분
2023-02-02,5호선 (상일동행),5분
2023-02-02,5호선 (마천행),5분
2023-02-02,7호선 (부천구청행),5분
2023-02-02,7호선 (온수행),5분
2023-02-02,7호선 (장암행),5분
2023-02-02,7호선 (부천구청행),10분
2023-02-02,7호선 (온수행),10분
2023-02-02,7호선 (장암행),10분
2023-02-03,2호선 (외선),10분
2023-02-03,4호선 (상행선),20분
2023-02-03,4호선 (상행선),10분
2023-02-03,4호선 (하행선),10분
2023-02-03,7호선 (부천구청행),5분
2023-02-03,7호선 (온수행),5분
2023-02-03,7호선 (장암행),5분
2023-02-05,7호선 (장암행),5분
2023-02-06,1호선 (하행선),5분
2023-02-06,1호선 (상행선),5분
2023-02-06,2호선 (내선),10분
2023-02-06,2호선 (외선),10분
2023-02-06,3호선 (하행선),5분
2023-02-06,3호선 (상행선),5분
2023-02-06,4호선 (하행선),10분
2023-02-06,4호선 (상행선),15분
2023-02-06,7호선 (부천구청행),5분
2023-02-06,7호선 (장암행),5분
2023-02-06,7호선 (온수행),5분
2023-02-07,3호선 (하행선),5분
2023-02-07,3호선 (상행선),5분
2023-02-07,4호선 (하행선),10분
2023-02-07,4호선 (상행선),10분
2023-02-07,4호선 (하행선),10분
2023-02-07,4호선 (상행선),5분
2023-02-07,5호선 (마천행),5분
2023-02-07,5호선 (상일동행),5분
2023-02-07,5호선 (방화행),10분
2023-02-07,7호선 (부천구청행),5분
2023-02-07,7호선 (온수행),5분
2023-02-07,7호선 (장암행),5분
2023-02-08,1호선 (하행선),15분
2023-02-08,1호선 (상행선),15분
2023-02-08,2호선 (외선),10분
2023-02-08,2호선 (내선),5분
2023-02-08,3호선 (하행선),10분
2023-02-08,3호선 (상행선),10분
2023-02-08,4호선 (하행선),20분
2023-02-08,4호선 (상행선),20분
2023-02-08,7호선 (장암행),5분
2023-02-09,3호선 (하행선),5분
2023-02-09,3호선 (상행선),5분
2023-02-09,4호선 (하행선),5분
2023-02-09,4호선 (상행선),5분
2023-02-09,5호선 (방화행),10분
2023-02-10,1호선 (하행선),10분
2023-02-10,1호선 (상행선),10분
2023-02-10,2호선 (외선),10분
2023-02-10,2호선 (내선),5분
2023-02-10,3호선 (하행선),15분
2023-02-10,3호선 (상행선),10분
2023-02-10,4호선 (하행선),15분
2023-02-10,4호선 (상행선),15분
2023-02-10,4호선 (하행선),10분
2023-02-10,4호선 (상행선),15분
2023-02-10,5호선 (마천행),10분
2023-02-11,7호선 (부천구청행),5분
2023-02-11,7호선 (온수행),5분
2023-02-11,7호선 (장암행),5분
2023-02-12,5호선 (마천행),30분
2023-02-12,5호선 (상일동행),30분
2023-02-12,5호선 (방화행),30분
2023-02-12,7호선 (장암행),5분
2023-02-13,2호선 (외선),10분
2023-02-13,3호선 (하행선),5분
2023-02-13,3호선 (상행선),5분
2023-02-13,4호선 (하행선),5분
2023-02-13,4호선 (상행선),5분
2023-02-13,7호선 (장암행),5분
2023-02-13,7호선 (부천구청행),5분
2023-02-14,1호선 (하행선),5분
2023-02-14,1호선 (상행선),15분
2023-02-14,2호선 (외선),10분
2023-02-14,3호선 (하행선),5분
2023-02-14,3호선 (상행선),10분
2023-02-14,4호선 (하행선),10분
2023-02-14,4호선 (상행선),10분
2023-02-14,7호선 (부천구청행),5분
2023-02-14,7호선 (온수행),5분
2023-02-14,7호선 (장암행),5분
2023-02-15,2호선 (내선),5분
2023-02-15,2호선 (외선),10분
2023-02-16,1호선 (하행선),5분
2023-02-16,1호선 (상행선),10분
2023-02-16,2호선 (외선),10분
2023-02-16,3호선 (하행선),10분
2023-02-16,3호선 (상행선),5분
2023-02-16,4호선 (하행선),10분
2023-02-16,4호선 (상행선),10분
2023-02-17,3호선 (하행선),10분
2023-02-17,3호선 (상행선),5분
2023-02-17,4호선 (하행선),10분
2023-02-17,4호선 (상행선),10분
2023-02-18,7호선 (부천구청행),10분
2023-02-18,7호선 (온수행),10분
2023-02-18,7호선 (장암행),10분
2023-02-19,7호선 (부천구청행),10분
2023-02-19,7호선 (온수행),10분
2023-02-19,7호선 (장암행),10분
2023-02-20,1호선 (하행선),10분
2023-02-20,1호선 (상행선),5분
2023-02-20,2호선 (외선),5분
2023-02-20,3호선 (하행선),5분
2023-02-20,3호선 (상행선),5분
2023-02-20,4호선 (하행선),10분
2023-02-20,4호선 (상행선),10분
2023-02-20,7호선 (부천구청행),20분
2023-02-20,7호선 (온수행),20분
2023-02-20,7호선 (장암행),20분
2023-02-20,7호선 (부천구청행),20분
2023-02-20,7호선 (온수행),20분
2023-02-20,7호선 (장암행),20분
2023-02-21,2호선 (외선),15분
2023-02-21,3호선 (하행선),5분
2023-02-21,3호선 (상행선),10분
2023-02-21,4호선 (하행선),10분
2023-02-21,4호선 (상행선),5분
2023-02-21,5호선 (마천행),5분
2023-02-21,5호선 (상일동행),5분
2023-02-22,1호선 (하행선),10분
2023-02-22,1호선 (상행선),15분
2023-02-22,2호선 (내선),10분
2023-02-22,2호선 (내선),5분
2023-02-22,3호선 (하행선),10분
2023-02-22,3호선 (상행선),5분
2023-02-22,4호선 (하행선),10분
2023-02-22,4호선 (상행선),10분
2023-02-22,5호선 (방화행),5분
2023-02-22,7호선 (부천구청행),5분
2023-02-22,7호선 (온수행),5분
2023-02-22,7호선 (장암행),5분
2023-02-23,4호선 (하행선),10분
2023-02-23,4호선 (상행선),10분
2023-02-24,1호선 (하행선),5분
2023-02-24,1호선 (상행선),5분
2023-02-24,2호선 (외선),10분
2023-02-24,3호선 (하행선),10분
2023-02-24,3호선 (상행선),10분
2023-02-24,4호선 (하행선),10분
2023-02-24,4호선 (상행선),10분
2023-02-27,2호선 (외선),10분
2023-02-27,4호선 (하행선),20분
2023-02-27,4호선 (상행선),15분
2023-02-28,2호선 (외선),10분
2023-02-28,5호선 (마천행),5분
2023-02-28,5호선 (상일동행),5분
2023-02-28,5호선 (방화행),5분
2023-03-02,1호선 (하행선),10분
2023-03-02,1호선 (상행선),10분
2023-03-02,2호선 (외선),10분
2023-03-02,3호선 (하행선),10분
2023-03-02,3호선 (상행선),10분
2023-03-02,4호선 (하행선),15분
2023-03-02,4호선 (상행선),15분
2023-03-02,7호선 (부천구청행),5분
2023-03-02,7호선 (온수행),5분
2023-03-02,7호선 (장암행),5분
2023-03-03,4호선 (하행선),10분
2023-03-03,4호선 (상행선),10분
2023-03-05,4호선 (하행선),5분
2023-03-06,1호선 (하행선),10분
2023-03-06,1호선 (상행선),5분
2023-03-06,2호선 (외선),10분
2023-03-06,3호선 (하행선),10분
2023-03-06,3호선 (상행선),10분
2023-03-06,4호선 (하행선),10분
2023-03-06,4호선 (상행선),10분
2023-03-06,5호선 (마천행),10분
2023-03-06,5호선 (상일동행),10분
2023-03-06,5호선 (방화행),15분
2023-03-06,5호선 (방화행),5분
2023-03-07,4호선 (하행선),20분
2023-03-07,4호선 (상행선),15분
2023-03-07,7호선 (부천구청행),10분
2023-03-07,7호선 (온수행),10분
2023-03-07,7호선 (장암행),10분
2023-03-08,1호선 (하행선),5분
2023-03-08,1호선 (상행선),10분
2023-03-08,2호선 (내선),5분
2023-03-08,2호선 (외선),10분
2023-03-08,5호선 (마천행),10분
2023-03-08,5호선 (상일동행),10분
2023-03-09,2호선 (외선),15분
2023-03-09,3호선 (상행선),10분
2023-03-09,3호선 (하행선),10분
2023-03-09,4호선 (하행선),10분
2023-03-09,4호선 (상행선),5분
2023-03-09,5호선 (마천행),10분
2023-03-09,5호선 (상일동행),10분
2023-03-09,5호선 (방화행),10분
2023-03-09,7호선 (온수행),5분
2023-03-09,7호선 (부천구청행),5분
2023-03-09,7호선 (장암행),5분
2023-03-10,1호선 (하행선),5분
2023-03-10,1호선 (상행선),5분
2023-03-10,2호선 (외선),10분
2023-03-10,3호선 (하행선),10분
2023-03-10,3호선 (상행선),5분
2023-03-10,4호선 (하행선),15분
2023-03-10,4호선 (상행선),10분
2023-03-12,2호선 (외선),10분
2023-03-12,2호선 (내선),10분
2023-03-13,1호선 (하행선),10분
2023-03-13,1호선 (상행선),10분
2023-03-13,2호선 (외선),10분
2023-03-13,2호선 (내선),5분
2023-03-13,3호선 (하행선),10분
2023-03-13,3호선 (상행선),5분
2023-03-13,4호선 (하행선),10분
2023-03-13,4호선 (상행선),10분
2023-03-14,2호선 (외선),10분
2023-03-14,3호선 (하행선),5분
2023-03-14,3호선 (상행선),10분
2023-03-14,4호선 (하행선),10분
2023-03-14,4호선 (상행선),10분
2023-03-14,5호선 (상일동행),5분
2023-03-14,7호선 (부천구청행),5분
2023-03-14,7호선 (온수행),5분
2023-03-14,7호선 (장암행),5분
2023-03-15,2호선 (내선),10분
2023-03-15,2호선 (내선),5분
2023-03-15,4호선 (하행선),10분
2023-03-15,4호선 (상행선),10분
2023-03-15,7호선 (부천구청행),10분
2023-03-15,7호선 (온수행),10분
2023-03-15,7호선 (장암행),10분
2023-03-16,5호선 (마천행),5분
2023-03-16,5호선 (상일동행),5분
2023-03-16,7호선 (온수행),10분
2023-03-16,7호선 (부천구청행),10분
2023-03-17,3호선 (하행선),10분
2023-03-17,3호선 (상행선),5분
2023-03-17,4호선 (하행선),20분
2023-03-17,4호선 (상행선),10분
2023-03-18,7호선 (부천구청행),10분
2023-03-18,7호선 (온수행),10분
2023-03-18,7호선 (장암행),10분
2023-03-19,7호선 (부천구청행),5분
2023-03-19,7호선 (온수행),5분
2023-03-19,7호선 (장암행),5분
2023-03-20,2호선 (내선),5분
2023-03-20,3호선 (하행선),10분
2023-03-20,3호선 (상행선),10분
2023-03-20,4호선 (하행선),10분
2023-03-20,4호선 (상행선),10분
2023-03-20,7호선 (장암행),10분
2023-03-21,4호선 (하행선),10분
2023-03-21,4호선 (상행선),10분
2023-03-22,1호선 (하행선),10분
2023-03-22,1호선 (상행선),10분
2023-03-22,2호선 (외선),5분
2023-03-22,3호선 (하행선),10분
2023-03-22,3호선 (상행선),5분
2023-03-22,4호선 (하행선),5분
2023-03-22,4호선 (상행선),10분
2023-03-22,5호선 (마천행),5분
2023-03-22,5호선 (방화행),5분
2023-03-22,7호선 (부천구청행),10분
2023-03-22,7호선 (온수행),10분
2023-03-22,7호선 (장암행),10분
2023-03-22,7호선 (부천구청행),5분
2023-03-22,7호선 (온수행),5분
2023-03-22,7호선 (장암행),5분
2023-03-23,1호선 (상행선),15분
2023-03-23,2호선 (외선),5분
2023-03-23,4호선 (하행선),10분
2023-03-23,4호선 (상행선),10분
2023-03-23,5호선 (방화행),5분
2023-03-24,1호선 (하행선),5분
2023-03-24,1호선 (상행선),10분
2023-03-24,2호선 (외선),5분
2023-03-24,2호선 (외선),5분
2023-03-26,4호선 (하행선),15분
2023-03-26,4호선 (상행선),10분
2023-03-26,4호선 (하행선),5분
2023-03-26,4호선 (상행선),5분
2023-03-27,1호선 (하행선),10분
2023-03-27,1호선 (상행선),10분
2023-03-27,2호선 (외선),5분
2023-03-27,3호선 (하행선),15분
2023-03-27,3호선 (상행선),10분
2023-03-27,7호선 (부천구청행),5분
2023-03-27,7호선 (온수행),5분
2023-03-27,7호선 (장암행),5분
2023-03-28,3호선 (하행선),10분
2023-03-28,3호선 (상행선),10분
2023-03-28,4호선 (하행선),10분
2023-03-28,4호선 (상행선),10분
2023-03-29,5호선 (방화행),10분
2023-03-30,1호선 (하행선),10분
2023-03-30,1호선 (상행선),5분
2023-03-30,2호선 (외선),5분
2023-03-30,7호선 (부천구청행),10분
2023-03-30,7호선 (온수행),10분
2023-03-30,7호선 (장암행),10분
2023-03-30,7호선 (부천구청행),10분
2023-03-30,7호선 (온수행),10분
2023-03-30,7호선 (장암행),10분
2023-03-31,2호선 (외선),10분
2023-03-31,4호선 (하행선),15분
2023-03-31,4호선 (상행선),10분
2023-03-31,7호선 (부천구청행),10분
2023-03-31,7호선 (온수행),10분
2023-03-31,7호선 (장암행),10분
2023-03-31,7호선 (부천구청행),5분
2023-03-31,7호선 (온수행),5분
2023-04-03,1호선 (하행선),10분
2023-04-03,2호선 (외선),5분
2023-04-03,3호선 (하행선),5분
2023-04-03,3호선 (상행선),5분
2023-04-03,4호선 (하행선),10분
2023-04-03,4호선 (상행선),10분
2023-04-03,7호선 (온수행),5분
2023-04-03,7호선 (장암행),5분
2023-04-03,7호선 (부천구청행),5분
2023-04-04,2호선 (외선),5분
2023-04-05,1호선 (하행선),5분
2023-04-05,1호선 (상행선),15분
2023-04-05,2호선 (외선),10분
2023-04-05,2호선 (내선),5분
2023-04-05,2호선 (외선),15분
2023-04-05,3호선 (하행선),10분
2023-04-05,3호선 (상행선),15분
2023-04-05,4호선 (하행선),15분
2023-04-05,4호선 (상행선),10분
2023-04-05,5호선 (방화행),5분
2023-04-05,5호선 (마천행),10분
2023-04-05,5호선 (상일동행),10분
2023-04-05,7호선 (부천구청행),5분
2023-04-05,7호선 (장암행),5분
2023-04-06,1호선 (하행선),5분
2023-04-06,1호선 (상행선),10분
2023-04-06,2호선 (외선),5분
2023-04-06,2호선 (내선),5분
2023-04-06,3호선 (하행선),5분
2023-04-06,3호선 (상행선),5분
2023-04-06,4호선 (하행선),10분
2023-04-06,4호선 (상행선),10분
2023-04-06,5호선 (마천행),5분
2023-04-06,5호선 (상일동행),5분
2023-04-06,5호선 (방화행),5분
2023-04-07,1호선 (하행선),5분
2023-04-07,1호선 (상행선),5분
2023-04-07,2호선 (외선),5분
2023-04-07,3호선 (하행선),5분
2023-04-07,3호선 (상행선),5분
2023-04-07,4호선 (하행선),10분
2023-04-07,4호선 (상행선),10분
2023-04-07,5호선 (상일동행),5분
2023-04-07,7호선 (온수행),5분
2023-04-10,1호선 (하행선),10분
2023-04-10,1호선 (상행선),5분
2023-04-10,3호선 (하행선),5분
2023-04-10,3호선 (상행선),5분
2023-04-10,4호선 (하행선),15분
2023-04-10,4호선 (상행선),10분
2023-04-10,7호선 (부천구청행),5분
2023-04-10,7호선 (온수행),5분
2023-04-10,7호선 (장암행),5분
2023-04-11,2호선 (외선),5분
2023-04-11,3호선 (하행선),10분
2023-04-11,3호선 (상행선),10분
2023-04-11,4호선 (하행선),10분
2023-04-11,4호선 (상행선),10분
2023-04-12,2호선 (외선),10분
2023-04-12,4호선 (하행선),10분
2023-04-12,6호선 (봉화산행),10분
2023-04-12,6호선 (응암순환행),10분
2023-04-13,1호선 (하행선),5분
2023-04-13,1호선 (상행선),10분
2023-04-13,2호선 (외선),10분
2023-04-13,2호선 (내선),5분
2023-04-13,3호선 (하행선),15분
2023-04-13,3호선 (상행선),20분
2023-04-13,4호선 (하행선),10분
2023-04-13,4호선 (상행선),10분
2023-04-14,3호선 (상행선),5분
2023-04-14,4호선 (상행선),5분
2023-04-14,4호선 (하행선),5분
2023-04-17,1호선 (상행선),5분
2023-04-17,2호선 (외선),5분
2023-04-17,3호선 (하행선),5분
2023-04-17,3호선 (상행선),5분
2023-04-17,4호선 (하행선),15분
2023-04-17,4호선 (상행선),10분
2023-04-17,7호선 (온수행),5분
2023-04-17,7호선 (부천구청행),5분
2023-04-18,2호선 (외선),10분
2023-04-18,3호선 (하행선),10분
2023-04-18,3호선 (상행선),5분
2023-04-18,4호선 (하행선),10분
2023-04-18,4호선 (상행선),10분
2023-04-18,5호선 (마천행),5분
2023-04-18,5호선 (상일동행),5분
2023-04-18,5호선 (방화행),5분
2023-04-19,1호선 (하행선),10분
2023-04-19,1호선 (상행선),10분
2023-04-19,2호선 (외선),10분
2023-04-19,3호선 (하행선),5분
2023-04-19,3호선 (상행선),5분
2023-04-19,4호선 (하행선),10분
2023-04-19,4호선 (상행선),10분
2023-04-19,7호선 (장암행),10분
2023-04-19,7호선 (부천구청행),10분
2023-04-19,7호선 (온수행),10분
2023-04-20,2호선 (외선),5분
2023-04-20,3호선 (하행선),5분
2023-04-20,3호선 (상행선),5분
2023-04-20,4호선 (하행선),25분
2023-04-20,4호선 (상행선),10분
2023-04-20,5호선 (상일동행),5분
2023-04-20,5호선 (마천행),20분
2023-04-20,5호선 (상일동행),20분
2023-04-21,2호선 (외선),10분
2023-04-21,2호선 (내선),5분
2023-04-23,2호선 (외선),10분
2023-04-24,1호선 (상행선),5분
2023-04-24,1호선 (하행선),10분
2023-04-24,2호선 (내선),5분
2023-04-24,2호선 (외선),10분
2023-04-25,1호선 (하행선),10분
2023-04-25,1호선 (상행선),5분
2023-04-25,2호선 (내선),5분
2023-04-25,2호선 (외선),25분
2023-04-25,2호선 (외선),20분
2023-04-25,3호선 (하행선),10분
2023-04-25,3호선 (상행선),5분
2023-04-25,4호선 (하행선),5분
2023-04-25,4호선 (상행선),10분
2023-04-25,7호선 (부천구청행),10분
2023-04-25,7호선 (온수행),10분
2023-04-25,7호선 (장암행),10분
2023-04-26,1호선 (하행선),10분
2023-04-26,1호선 (상행선),10분
2023-04-26,2호선 (외선),10분
2023-04-26,3호선 (하행선),5분
2023-04-26,3호선 (상행선),5분
2023-04-26,4호선 (하행선),10분
2023-04-26,4호선 (상행선),5분
2023-04-26,5호선 (방화행),5분
2023-04-26,7호선 (부천구청행),5분
2023-04-27,2호선 (외선),10분
2023-04-27,3호선 (하행선),5분
2023-04-27,3호선 (상행선),5분
2023-04-27,4호선 (하행선),10분
2023-04-27,4호선 (상행선),10분
2023-04-27,7호선 (온수행),5분
2023-04-28,5호선 (방화행),5분
2023-04-30,4호선 (상행선),10분
2023-04-30,4호선 (하행선),10분
2023-04-30,4호선 (상행선),30분
2023-04-30,4호선 (하행선),30분
2023-05-02,2호선 (외선),10분
2023-05-03,1호선 (상행선),5분
2023-05-03,2호선 (내선),10분
2023-05-03,2호선 (내선),5분
2023-05-03,2호선 (외선),10분
2023-05-03,3호선 (하행선),5분
2023-05-03,3호선 (상행선),5분
2023-05-03,4호선 (하행선),15분
2023-05-03,4호선 (상행선),10분
2023-05-04,1호선 (상행선),5분
2023-05-04,2호선 (외선),15분
2023-05-04,3호선 (하행선),5분
2023-05-04,3호선 (상행선),10분
2023-05-04,4호선 (하행선),10분
2023-05-04,4호선 (상행선),10분
2023-05-04,5호선 (마천행),5분
2023-05-04,5호선 (상일동행),5분
2023-05-08,2호선 (외선),10분
2023-05-08,2호선 (내선),5분
2023-05-08,3호선 (하행선),10분
2023-05-08,3호선 (상행선),5분
2023-05-08,4호선 (하행선),10분
2023-05-08,4호선 (상행선),10분
2023-05-08,7호선 (장암행),5분
2023-05-09,1호선 (하행선),5분
2023-05-09,2호선 (외선),10분
2023-05-09,3호선 (하행선),10분
2023-05-09,3호선 (상행선),10분
2023-05-09,4호선 (하행선),15분
2023-05-09,4호선 (상행선),10분
2023-05-10,1호선 (하행선),5분
2023-05-10,1호선 (상행선),5분
2023-05-10,2호선 (외선),10분
2023-05-10,7호선 (부천구청행),10분
2023-05-10,7호선 (온수행),10분
2023-05-10,7호선 (장암행),10분
2023-05-11,2호선 (외선),20분
2023-05-11,3호선 (하행선),10분
2023-05-11,3호선 (상행선),10분
2023-05-11,4호선 (하행선),10분
2023-05-11,4호선 (상행선),10분
2023-05-12,3호선 (하행선),10분
2023-05-12,3호선 (상행선),5분
2023-05-12,4호선 (하행선),5분
2023-05-12,4호선 (상행선),5분
2023-05-14,5호선 (방화행),10분
2023-05-14,5호선 (마천행),15분
2023-05-14,5호선 (상일동행),15분
2023-05-15,3호선 (하행선),5분
2023-05-15,3호선 (상행선),10분
2023-05-15,3호선 (하행선),10분
2023-05-15,3호선 (상행선),10분
2023-05-15,4호선 (하행선),10분
2023-05-15,4호선 (상행선),10분
2023-05-16,1호선 (하행선),5분
2023-05-16,1호선 (상행선),5분
2023-05-16,2호선 (외선),10분
2023-05-16,6호선 (봉화산행),5분
2023-05-16,6호선 (응암순환행),5분
2023-05-17,1호선 (상행선),5분
2023-05-17,2호선 (내선),5분
2023-05-17,2호선 (외선),15분
2023-05-17,3호선 (하행선),10분
2023-05-17,3호선 (상행선),10분
2023-05-17,4호선 (하행선),10분
2023-05-17,4호선 (상행선),10분
2023-05-18,1호선 (하행선),5분
2023-05-18,1호선 (상행선),10분
2023-05-18,2호선 (외선),10분
2023-05-18,3호선 (하행선),5분
2023-05-18,3호선 (상행선),5분
2023-05-19,1호선 (상행선),5분
2023-05-19,2호선 (외선),10분
2023-05-19,3호선 (하행선),10분
2023-05-19,3호선 (상행선),5분
2023-05-19,4호선 (하행선),10분
2023-05-19,4호선 (상행선),15분
2023-05-22,2호선 (외선),10분
2023-05-22,7호선 (부천구청행),5분
2023-05-22,7호선 (온수행),5분
2023-05-22,7호선 (장암행),5분
2023-05-23,1호선 (하행선),5분
2023-05-23,1호선 (상행선),5분
2023-05-23,2호선 (내선),5분
2023-05-23,2호선 (외선),10분
2023-05-23,3호선 (하행선),10분
2023-05-23,3호선 (상행선),10분
2023-05-23,4호선 (하행선),10분
2023-05-23,4호선 (상행선),10분
2023-05-24,2호선 (외선),10분
2023-05-24,3호선 (하행선),10분
2023-05-24,3호선 (상행선),15분
2023-05-24,4호선 (하행선),15분
2023-05-24,4호선 (상행선),10분
2023-05-25,2호선 (외선),15분
2023-05-25,2호선 (내선),15분
2023-05-25,3호선 (하행선),10분
2023-05-25,3호선 (상행선),10분
2023-05-25,4호선 (하행선),15분
2023-05-25,4호선 (상행선),10분
2023-05-26,2호선 (외선),5분
2023-05-28,2호선 (내선),5분
2023-05-29,7호선 (부천구청행),5분
2023-05-30,2호선 (외선),10분
2023-05-30,5호선 (마천행),20분
2023-05-30,5호선 (상일동행),20분
2023-05-30,5호선 (방화행),20분
2023-05-31,2호선 (외선),10분
2023-05-31,3호선 (상행선),5분
2023-05-31,3호선 (하행선),5분
2023-05-31,4호선 (상행선),10분
2023-05-31,4호선 (하행선),15분
2023-06-01,1호선 (하행선),5분
2023-06-01,1호선 (상행선),10분
2023-06-01,2호선 (외선),10분
2023-06-01,2호선 (내선),5분
2023-06-01,3호선 (하행선),10분
2023-06-01,3호선 (상행선),5분
2023-06-01,4호선 (하행선),10분
2023-06-01,4호선 (상행선),10분
2023-06-01,7호선 (온수행),5분
2023-06-01,7호선 (부천구청행),5분
2023-06-01,7호선 (장암행),5분
2023-06-02,2호선 (외선),5분
2023-06-02,3호선 (하행선),10분
2023-06-02,3호선 (상행선),10분
2023-06-02,3호선 (하행선),5분
2023-06-02,3호선 (상행선),5분
2023-06-02,4호선 (하행선),10분
2023-06-02,4호선 (상행선),10분
2023-06-05,1호선 (하행선),5분
2023-06-05,1호선 (상행선),10분
2023-06-05,2호선 (외선),5분
2023-06-05,3호선 (하행선),5분
2023-06-05,3호선 (상행선),5분
2023-06-05,4호선 (하행선),5분
2023-06-05,4호선 (상행선),10분
2023-06-07,1호선 (상행선),10분
2023-06-07,2호선 (외선),10분
2023-06-07,4호선 (하행선),15분
2023-06-07,4호선 (상행선),10분
2023-06-07,5호선 (마천행),10분
2023-06-07,5호선 (상일동행),10분
2023-06-07,5호선 (방화행),10분
2023-06-08,1호선 (하행선),30분
2023-06-08,1호선 (상행선),30분
2023-06-08,1호선 (하행선),30분
2023-06-08,1호선 (상행선),30분
2023-06-08,2호선 (외선),5분
2023-06-08,3호선 (상행선),5분
2023-06-08,3호선 (하행선),5분
2023-06-08,4호선 (상행선),10분
2023-06-08,4호선 (하행선),10분
2023-06-09,1호선 (하행선),10분
2023-06-09,1호선 (상행선),20분
2023-06-09,2호선 (외선),10분
2023-06-09,3호선 (하행선),5분
2023-06-09,3호선 (상행선),5분
2023-06-09,4호선 (하행선),15분
2023-06-09,4호선 (상행선),10분
2023-06-09,8호선 (모란행),10분
2023-06-09,8호선 (암사행),10분
2023-06-10,1호선 (하행선),25분
2023-06-10,1호선 (상행선),30분
2023-06-12,1호선 (하행선),10분
2023-06-12,1호선 (상행선),20분
2023-06-12,5호선 (마천행),10분
2023-06-12,5호선 (상일동행),10분
2023-06-13,1호선 (하행선),15분
2023-06-13,2호선 (외선),10분
2023-06-13,3호선 (하행선),5분
2023-06-13,3호선 (상행선),5분
2023-06-13,4호선 (하행선),10분
2023-06-13,4호선 (상행선),5분
2023-06-14,2호선 (외선),10분
2023-06-14,3호선 (하행선),10분
2023-06-14,3호선 (상행선),5분
2023-06-14,4호선 (하행선),10분
2023-06-14,4호선 (상행선),10분
2023-06-15,2호선 (외선),10분
2023-06-15,3호선 (하행선),10분
2023-06-15,3호선 (상행선),10분
2023-06-16,3호선 (하행선),10분
2023-06-16,3호선 (상행선),5분
2023-06-16,4호선 (하행선),15분
2023-06-16,4호선 (상행선),10분
2023-06-17,3호선 (상행선),5분
2023-06-17,4호선 (하행선),5분
2023-06-17,5호선 (상일동행),5분
2023-06-17,5호선 (마천행),5분
2023-06-17,6호선 (봉화산행),5분
2023-06-19,2호선 (외선),20분
2023-06-19,4호선 (하행선),10분
2023-06-19,4호선 (상행선),10분
2023-06-20,1호선 (하행선),5분
2023-06-20,1호선 (상행선),5분
2023-06-20,2호선 (외선),15분
2023-06-20,3호선 (상행선),5분
2023-06-20,3호선 (하행선),10분
2023-06-20,4호선 (상행선),5분
2023-06-20,4호선 (하행선),10분
2023-06-20,8호선 (암사행),10분
2023-06-20,8호선 (모란행),10분
2023-06-21,1호선 (상행선),10분
2023-06-21,2호선 (외선),10분
2023-06-21,2호선 (내선),10분
2023-06-21,2호선 (외선),15분
2023-06-21,3호선 (하행선),5분
2023-06-21,3호선 (상행선),5분
2023-06-21,4호선 (하행선),5분
2023-06-21,4호선 (상행선),5분
2023-06-22,1호선 (하행선),5분
2023-06-22,2호선 (외선),5분
2023-06-22,3호선 (하행선),10분
2023-06-22,3호선 (상행선),5분
2023-06-22,4호선 (하행선),5분
2023-06-22,4호선 (하행선),10분
2023-06-22,4호선 (상행선),5분
2023-06-23,2호선 (외선),10분
2023-06-23,3호선 (하행선),10분
2023-06-23,3호선 (상행선),10분
2023-06-26,1호선 (하행선),10분
2023-06-26,1호선 (상행선),10분
2023-06-26,2호선 (외선),5분
2023-06-26,3호선 (하행선),10분
2023-06-26,3호선 (상행선),10분
2023-06-26,4호선 (하행선),15분
2023-06-26,4호선 (상행선),15분
2023-06-26,5호선 (방화행),5분
2023-06-27,1호선 (하행선),10분
2023-06-27,3호선 (하행선),10분
2023-06-27,3호선 (상행선),10분
2023-06-28,1호선 (하행선),5분
2023-06-28,1호선 (상행선),10분
2023-06-28,2호선 (외선),10분
2023-06-29,1호선 (하행선),10분
2023-06-29,1호선 (상행선),5분
2023-06-29,2호선 (내선),5분
2023-06-29,2호선 (외선),20분
2023-06-29,4호선 (하행선),10분
2023-06-29,7호선 (장암행),10분
2023-06-30,1호선 (하행선),5분
2023-06-30,1호선 (상행선),5분
2023-06-30,2호선 (외선),10분
2023-06-30,3호선 (하행선),5분
2023-06-30,3호선 (상행선),10분
2023-06-30,4호선 (하행선),10분
2023-06-30,4호선 (상행선),15분
2023-07-01,1호선 (하행선),10분
2023-07-03,2호선 (외선),10분
2023-07-03,2호선 (내선),10분
2023-07-03,3호선 (하행선),10분
2023-07-03,3호선 (상행선),5분
2023-07-03,4호선 (하행선),15분
2023-07-03,4호선 (상행선),10분
2023-07-04,2호선 (외선),10분
2023-07-04,3호선 (하행선),5분
2023-07-04,3호선 (상행선),5분
2023-07-04,4호선 (하행선),10분
2023-07-04,4호선 (상행선),10분
2023-07-05,1호선 (상행선),10분
2023-07-05,2호선 (외선),10분
2023-07-05,5호선 (방화행),10분
2023-07-06,3호선 (상행선),5분
2023-07-06,3호선 (하행선),10분
2023-07-06,4호선 (상행선),15분
2023-07-06,4호선 (하행선),10분
2023-07-06,6호선 (응암순환행),5분
2023-07-07,3호선 (하행선),10분
2023-07-07,3호선 (상행선),5분
2023-07-07,4호선 (하행선),10분
2023-07-07,4호선 (상행선),10분
2023-07-09,7호선 (부천구청행),5분
2023-07-09,7호선 (온수행),5분
2023-07-09,7호선 (장암행),5분
2023-07-10,1호선 (하행선),5분
2023-07-10,1호선 (상행선),5분
2023-07-10,2호선 (외선),15분
2023-07-10,2호선 (내선),5분
2023-07-10,3호선 (상행선),5분
2023-07-10,3호선 (하행선),10분
2023-07-10,4호선 (상행선),10분
2023-07-10,4호선 (하행선),10분
2023-07-11,2호선 (내선),10분
2023-07-11,2호선 (외선),15분
2023-07-11,3호선 (하행선),10분
2023-07-11,3호선 (상행선),10분
2023-07-11,4호선 (하행선),20분
2023-07-11,4호선 (상행선),10분
2023-07-12,1호선 (하행선),10분
2023-07-12,1호선 (상행선),5분
2023-07-12,2호선 (내선),10분
2023-07-12,2호선 (외선),15분
2023-07-12,2호선 (내선),10분
2023-07-12,3호선 (하행선),10분
2023-07-12,3호선 (상행선),10분
2023-07-12,4호선 (하행선),10분
2023-07-12,4호선 (상행선),10분
2023-07-13,1호선 (하행선),10분
2023-07-13,1호선 (상행선),10분
2023-07-13,2호선 (외선),15분
2023-07-13,5호선 (마천행),10분
2023-07-13,5호선 (상일동행),10분
2023-07-14,1호선 (하행선),5분
2023-07-14,1호선 (상행선),10분
2023-07-14,2호선 (외선),20분
2023-07-14,2호선 (내선),10분
2023-07-14,3호선 (상행선),5분
2023-07-14,3호선 (하행선),10분
2023-07-14,4호선 (상행선),15분
2023-07-14,4호선 (하행선),15분
2023-07-14,7호선 (장암행),5분
2023-07-14,7호선 (부천구청행),5분
2023-07-15,1호선 (하행선),20분
2023-07-15,3호선 (하행선),15분
2023-07-15,3호선 (상행선),20분
2023-07-15,4호선 (하행선),5분
2023-07-15,4호선 (상행선),5분
2023-07-17,1호선 (하행선),5분
2023-07-17,1호선 (상행선),10분
2023-07-17,2호선 (외선),10분
2023-07-17,3호선 (하행선),10분
2023-07-17,3호선 (상행선),10분
2023-07-17,4호선 (하행선),15분
2023-07-17,4호선 (상행선),10분
2023-07-17,5호선 (방화행),10분
2023-07-17,7호선 (부천구청행),5분
2023-07-17,7호선 (온수행),5분
2023-07-17,7호선 (장암행),5분
2023-07-17,7호선 (부천구청행),5분
2023-07-17,7호선 (온수행),5분
2023-07-17,7호선 (장암행),5분
2023-07-18,1호선 (하행선),5분
2023-07-18,1호선 (상행선),10분
2023-07-18,2호선 (외선),10분
2023-07-18,3호선 (상행선),5분
2023-07-18,3호선 (하행선),10분
2023-07-18,4호선 (상행선),15분
2023-07-18,4호선 (하행선),15분
2023-07-18,7호선 (온수행),10분
2023-07-19,3호선 (하행선),5분
2023-07-19,3호선 (상행선),5분
2023-07-19,4호선 (하행선),10분
2023-07-19,4호선 (상행선),15분
2023-07-20,1호선 (상행선),5분
2023-07-20,2호선 (외선),10분
2023-07-20,3호선 (하행선),10분
2023-07-20,3호선 (상행선),10분
2023-07-20,4호선 (하행선),10분
2023-07-20,4호선 (상행선),10분
2023-07-20,7호선 (장암행),5분
2023-07-21,1호선 (하행선),20분
2023-07-21,1호선 (상행선),20분
2023-07-21,2호선 (외선),5분
2023-07-21,2호선 (내선),20분
2023-07-21,3호선 (하행선),5분
2023-07-21,3호선 (상행선),10분
2023-07-21,4호선 (하행선),15분
2023-07-21,4호선 (하행선),15분
2023-07-21,4호선 (상행선),15분
2023-07-21,7호선 (부천구청행),5분
2023-07-21,7호선 (장암행),5분
2023-07-22,3호선 (상행선),5분
2023-07-22,3호선 (하행선),5분
2023-07-22,4호선 (상행선),5분
2023-07-22,4호선 (하행선),5분
2023-07-23,3호선 (하행선),5분
2023-07-23,4호선 (하행선),5분
2023-07-23,4호선 (상행선),5분
2023-07-23,8호선 (암사행),20분
2023-07-23,8호선 (모란행),20분
2023-07-24,1호선 (하행선),10분
2023-07-24,1호선 (상행선),10분
2023-07-24,2호선 (외선),10분
2023-07-24,3호선 (하행선),10분
2023-07-24,3호선 (상행선),10분
2023-07-24,4호선 (하행선),15분
2023-07-24,4호선 (상행선),15분
2023-07-25,2호선 (외선),10분
2023-07-25,3호선 (하행선),10분
2023-07-25,3호선 (상행선),15분
2023-07-25,3호선 (하행선),10분
2023-07-25,3호선 (상행선),10분
2023-07-25,4호선 (하행선),10분
2023-07-25,4호선 (상행선),10분
2023-07-26,1호선 (하행선),30분
2023-07-26,1호선 (상행선),25분
2023-07-26,3호선 (상행선),10분
2023-07-26,3호선 (하행선),10분
2023-07-26,4호선 (상행선),10분
2023-07-26,4호선 (하행선),10분
2023-07-27,3호선 (하행선),10분
2023-07-27,3호선 (상행선),5분
2023-07-27,4호선 (하행선),10분
2023-07-27,4호선 (상행선),15분
2023-07-28,1호선 (하행선),10분
2023-07-28,1호선 (상행선),10분
2023-07-28,2호선 (외선),10분
2023-07-28,3호선 (하행선),10분
2023-07-28,3호선 (상행선),10분
2023-07-28,4호선 (하행선),10분
2023-07-28,4호선 (상행선),15분
2023-07-30,3호선 (하행선),5분
2023-07-30,3호선 (상행선),5분
2023-07-30,4호선 (상행선),10분
2023-07-30,4호선 (하행선),5분
2023-08-01,1호선 (하행선),5분
2023-08-01,1호선 (상행선),5분
2023-08-01,2호선 (외선),5분
2023-08-01,2호선 (내선),5분
2023-08-01,3호선 (하행선),10분
2023-08-01,3호선 (상행선),10분
2023-08-01,4호선 (하행선),10분
2023-08-01,4호선 (상행선),10분
2023-08-02,3호선 (하행선),10분
2023-08-02,3호선 (상행선),10분
2023-08-02,4호선 (하행선),10분
2023-08-02,4호선 (상행선),10분
2023-08-02,7호선 (온수행),25분
2023-08-02,7호선 (장암행),25분
2023-08-03,2호선 (외선),5분
2023-08-03,3호선 (상행선),10분
2023-08-03,3호선 (하행선),10분
2023-08-03,4호선 (상행선),10분
2023-08-03,4호선 (하행선),15분
2023-08-04,2호선 (외선),10분
2023-08-04,3호선 (하행선),10분
2023-08-04,3호선 (상행선),5분
2023-08-04,4호선 (하행선),5분
2023-08-04,4호선 (상행선),10분
2023-08-06,4호선 (하행선),10분
2023-08-06,4호선 (상행선),15분
2023-08-07,3호선 (상행선),10분
2023-08-07,3호선 (하행선),5분
2023-08-07,4호선 (상행선),15분
2023-08-07,4호선 (하행선),10분
2023-08-08,1호선 (하행선),5분
2023-08-08,1호선 (상행선),5분
2023-08-08,2호선 (외선),10분
2023-08-08,3호선 (하행선),5분
2023-08-08,3호선 (상행선),5분
2023-08-08,4호선 (하행선),10분
2023-08-08,4호선 (상행선),10분
2023-08-09,3호선 (하행선),10분
2023-08-09,3호선 (상행선),10분
2023-08-09,4호선 (하행선),10분
2023-08-09,4호선 (상행선),10분
2023-08-10,3호선 (하행선),10분
2023-08-10,3호선 (상행선),10분
2023-08-10,4호선 (하행선),10분
2023-08-10,4호선 (상행선),15분
2023-08-11,1호선 (하행선),10분
2023-08-11,1호선 (상행선),5분
2023-08-11,2호선 (외선),10분
2023-08-11,3호선 (상행선),10분
2023-08-11,3호선 (하행선),10분
2023-08-11,4호선 (상행선),10분
2023-08-11,4호선 (하행선),15분
2023-08-12,3호선 (하행선),5분
2023-08-14,2호선 (외선),5분
2023-08-14,3호선 (하행선),10분
2023-08-14,3호선 (상행선),5분
2023-08-14,4호선 (하행선),10분
2023-08-14,4호선 (상행선),10분
2023-08-14,5호선 (방화행),5분
2023-08-15,3호선 (상행선),5분
2023-08-15,3호선 (하행선),5분
2023-08-15,4호선 (상행선),5분
2023-08-15,4호선 (하행선),5분
2023-08-15,7호선 (부천구청행),10분
2023-08-16,1호선 (하행선),5분
2023-08-16,1호선 (상행선),5분
2023-08-16,2호선 (외선),10분
2023-08-16,2호선 (내선),10분
2023-08-16,3호선 (하행선),10분
2023-08-16,3호선 (상행선),10분
2023-08-16,4호선 (하행선),5분
2023-08-16,4호선 (상행선),10분
2023-08-16,7호선 (장암행),10분
2023-08-17,2호선 (외선),10분
2023-08-17,2호선 (내선),5분
2023-08-17,2호선 (외선),15분
2023-08-17,3호선 (하행선),10분
2023-08-17,3호선 (상행선),5분
2023-08-17,4호선 (하행선),10분
2023-08-17,4호선 (상행선),10분
2023-08-17,7호선 (온수행),10분
2023-08-17,7호선 (온수행),10분
2023-08-18,1호선 (하행선),5분
2023-08-18,1호선 (상행선),10분
2023-08-18,2호선 (외선),10분
2023-08-20,3호선 (하행선),5분
2023-08-20,3호선 (상행선),5분
2023-08-20,4호선 (하행선),5분
2023-08-20,4호선 (상행선),5분
2023-08-21,1호선 (하행선),10분
2023-08-21,1호선 (상행선),15분
2023-08-21,2호선 (외선),5분
2023-08-21,3호선 (하행선),10분
2023-08-21,3호선 (상행선),10분
2023-08-21,4호선 (하행선),10분
2023-08-21,4호선 (상행선),10분
2023-08-22,5호선 (방화행),5분
2023-08-22,7호선 (부천구청행),10분
2023-08-22,7호선 (온수행),10분
2023-08-22,7호선 (장암행),10분
2023-08-23,3호선 (하행선),10분
2023-08-23,3호선 (상행선),10분
2023-08-23,3호선 (하행선),10분
2023-08-23,4호선 (상행선),10분
2023-08-23,4호선 (하행선),10분
2023-08-23,7호선 (부천구청행),5분
2023-08-23,7호선 (온수행),5분
2023-08-24,1호선 (상행선),25분
2023-08-24,1호선 (하행선),15분
2023-08-24,2호선 (외선),10분
2023-08-24,3호선 (하행선),10분
2023-08-24,3호선 (상행선),10분
2023-08-24,4호선 (하행선),10분
2023-08-24,4호선 (상행선),10분
2023-08-25,1호선 (하행선),10분
2023-08-25,1호선 (상행선),25분
2023-08-25,2호선 (외선),10분
2023-08-25,2호선 (내선),5분
2023-08-25,3호선 (하행선),10분
2023-08-25,3호선 (상행선),10분
2023-08-25,4호선 (하행선),10분
2023-08-25,4호선 (상행선),10분
2023-08-26,2호선 (외선),10분
2023-08-26,2호선 (내선),5분
2023-08-28,1호선 (하행선),15분
2023-08-28,1호선 (상행선),25분
2023-08-28,2호선 (내선),5분
2023-08-28,2호선 (외선),15분
2023-08-28,3호선 (하행선),10분
2023-08-28,3호선 (상행선),10분
2023-08-28,4호선 (하행선),10분
2023-08-28,4호선 (상행선),15분
2023-08-29,1호선 (하행선),15분
2023-08-29,1호선 (상행선),20분
2023-08-29,2호선 (외선),10분
2023-08-29,3호선 (하행선),10분
2023-08-29,3호선 (상행선),10분
2023-08-29,4호선 (하행선),15분
2023-08-29,4호선 (상행선),10분
2023-08-29,7호선 (장암행),5분
2023-08-29,7호선 (부천구청행),10분
2023-08-29,7호선 (부천구청행),10분
2023-08-29,7호선 (온수행),10분
2023-08-30,1호선 (하행선),15분
2023-08-30,1호선 (상행선),20분
2023-08-30,2호선 (내선),5분
2023-08-30,2호선 (외선),10분
2023-08-30,3호선 (상행선),15분
2023-08-30,3호선 (하행선),20분
2023-08-31,1호선 (하행선),15분
2023-08-31,1호선 (상행선),20분
2023-08-31,2호선 (내선),5분
2023-08-31,2호선 (외선),10분
2023-08-31,3호선 (상행선),10분
2023-08-31,3호선 (하행선),10분
2023-08-31,4호선 (상행선),20분
2023-08-31,4호선 (하행선),10분
